4.7932,425.77,81.951,-24.05,68.421
4.7947,425.9,81.915,-24.037,68.445
4.797,426.08,81.861,-24.018,68.482
4.8004,426.36,81.78,-23.989,68.536
4.8054,426.77,81.658,-23.946,68.618
4.813,427.39,81.477,-23.881,68.741
4.823,428.2,81.239,-23.796,68.903
4.833,429.01,81.001,-23.712,69.064
4.843,429.82,80.764,-23.629,69.225
4.853,430.63,80.528,-23.546,69.386
4.863,431.43,80.293,-23.464,69.547
4.873,432.23,80.059,-23.383,69.707
4.883,433.03,79.826,-23.302,69.867
4.893,433.83,79.593,-23.221,70.027
4.903,434.63,79.361,-23.142,70.186
4.913,435.42,79.13,-23.062,70.345
4.923,436.21,78.9,-22.984,70.504
4.933,437,78.671,-22.906,70.663
4.943,437.78,78.442,-22.828,70.821
4.953,438.57,78.214,-22.752,70.979
4.963,439.35,77.987,-22.675,71.137
4.973,440.13,77.76,-22.6,71.295
4.983,440.9,77.535,-22.524,71.452
4.993,441.68,77.31,-22.449,71.609
5.003,442.45,77.086,-22.375,71.766
5.013,443.22,76.862,-22.301,71.922
5.023,443.99,76.64,-22.228,72.079
5.033,444.75,76.418,-22.155,72.235
5.043,445.51,76.197,-22.082,72.39
5.053,446.27,75.976,-22.01,72.546
5.063,447.03,75.757,-21.939,72.701
5.073,447.79,75.538,-21.867,72.856
5.083,448.54,75.319,-21.796,73.011
5.093,449.3,75.102,-21.726,73.166
5.103,450.05,74.885,-21.656,73.32
5.113,450.79,74.668,-21.586,73.474
5.123,451.54,74.453,-21.517,73.628
5.133,452.28,74.238,-21.448,73.781
5.143,453.02,74.024,-21.379,73.935
5.153,453.76,73.811,-21.311,74.088
5.163,454.5,73.598,-21.243,74.24
5.173,455.24,73.386,-21.176,74.393
5.183,455.97,73.174,-21.109,74.545
5.193,456.7,72.964,-21.043,74.698
5.203,457.43,72.753,-20.977,74.849
5.213,458.15,72.544,-20.911,75.001
5.223,458.88,72.335,-20.846,75.152
5.233,459.6,72.127,-20.781,75.304
5.243,460.32,71.92,-20.717,75.455
5.253,461.04,71.713,-20.653,75.605
5.263,461.75,71.506,-20.59,75.756
5.273,462.47,71.301,-20.527,75.906
5.283,463.18,71.096,-20.464,76.056
5.293,463.89,70.892,-20.402,76.206
5.303,464.6,70.688,-20.341,76.356
5.313,465.3,70.485,-20.279,76.505
5.323,466.01,70.282,-20.218,76.654
5.333,466.71,70.08,-20.158,76.803
5.343,467.41,69.879,-20.098,76.952
5.353,468.11,69.678,-20.038,77.1
5.363,468.8,69.478,-19.979,77.248
5.373,469.5,69.279,-19.92,77.396
5.383,470.19,69.08,-19.861,77.544
5.393,470.88,68.882,-19.803,77.692
5.403,471.57,68.684,-19.745,77.839
5.413,472.25,68.487,-19.688,77.986
5.423,472.94,68.29,-19.631,78.133
5.433,473.62,68.094,-19.574,78.28
5.443,474.3,67.899,-19.517,78.427
5.453,474.98,67.704,-19.461,78.573
5.463,475.65,67.509,-19.405,78.719
5.473,476.33,67.316,-19.349,78.865
5.483,477,67.122,-19.294,79.011
5.493,477.67,66.93,-19.239,79.156
5.503,478.34,66.738,-19.184,79.301
5.513,479,66.546,-19.129,79.446
5.523,479.67,66.355,-19.075,79.591
5.533,480.33,66.165,-19.021,79.736
5.543,480.99,65.975,-18.968,79.88
5.553,481.65,65.785,-18.914,80.025
5.563,482.31,65.596,-18.861,80.169
5.573,482.96,65.408,-18.808,80.313
5.583,483.62,65.22,-18.756,80.456
5.593,484.27,65.033,-18.704,80.6
5.603,484.92,64.846,-18.652,80.743
5.613,485.56,64.66,-18.601,80.886
5.623,486.21,64.474,-18.549,81.029
5.633,486.85,64.289,-18.498,81.172
5.643,487.5,64.104,-18.448,81.314
5.653,488.14,63.92,-18.398,81.457
5.663,488.77,63.736,-18.348,81.599
5.673,489.41,63.553,-18.298,81.741
5.683,490.04,63.37,-18.249,81.882
5.693,490.68,63.188,-18.2,82.024
5.703,491.31,63.006,-18.151,82.165
5.713,491.94,62.825,-18.103,82.306
5.723,492.56,62.644,-18.055,82.447
5.733,493.19,62.464,-18.007,82.588
5.743,493.81,62.284,-17.959,82.729
5.753,494.44,62.105,-17.912,82.869
5.763,495.06,61.926,-17.865,83.009
5.773,495.67,61.747,-17.819,83.149
5.783,496.29,61.569,-17.772,83.289
5.793,496.91,61.392,-17.726,83.429
5.803,497.52,61.215,-17.68,83.568
5.813,498.13,61.038,-17.635,83.708
5.823,498.74,60.862,-17.589,83.847
5.833,499.35,60.687,-17.544,83.986
5.843,499.95,60.511,-17.5,84.125
5.853,500.56,60.337,-17.455,84.263
5.863,501.16,60.162,-17.411,84.402
5.873,501.76,59.988,-17.367,84.54
5.883,502.36,59.815,-17.323,84.678
5.893,502.96,59.642,-17.279,84.816
5.903,503.55,59.469,-17.236,84.953
5.913,504.15,59.297,-17.193,85.091
5.923,504.74,59.125,-17.15,85.228
5.933,505.33,58.954,-17.107,85.366
5.943,505.92,58.783,-17.065,85.503
5.953,506.5,58.613,-17.022,85.639
5.963,507.09,58.443,-16.98,85.776
5.973,507.67,58.273,-16.939,85.913
5.983,508.26,58.104,-16.897,86.049
5.993,508.84,57.935,-16.856,86.185
6.003,509.41,57.767,-16.814,86.321
6.013,509.99,57.599,-16.773,86.457
6.023,510.57,57.432,-16.733,86.593
6.033,511.14,57.264,-16.692,86.728
6.043,511.71,57.098,-16.652,86.864
6.053,512.28,56.931,-16.612,86.999
6.063,512.85,56.765,-16.572,87.134
6.073,513.42,56.6,-16.532,87.269
6.083,513.98,56.435,-16.493,87.404
6.093,514.55,56.27,-16.453,87.538
6.103,515.11,56.106,-16.414,87.672
6.113,515.67,55.942,-16.375,87.807
6.123,516.23,55.778,-16.337,87.941
6.133,516.78,55.615,-16.299,88.075
6.143,517.34,55.452,-16.26,88.208
6.153,517.89,55.29,-16.223,88.342
6.163,518.44,55.128,-16.185,88.476
6.173,519,54.966,-16.147,88.609
6.183,519.54,54.805,-16.11,88.742
6.193,520.09,54.644,-16.073,88.875
6.203,520.64,54.483,-16.036,89.008
6.213,521.18,54.323,-16,89.14
6.223,521.72,54.163,-15.963,89.273
6.233,522.26,54.004,-15.927,89.405
6.243,522.8,53.845,-15.891,89.538
6.253,523.34,53.686,-15.855,89.67
6.263,523.88,53.528,-15.82,89.802
6.273,524.41,53.37,-15.784,89.933
6.283,524.94,53.212,-15.749,90.065
6.293,525.48,53.055,-15.714,90.196
6.303,526.01,52.898,-15.679,90.328
6.313,526.53,52.741,-15.645,90.459
6.323,527.06,52.585,-15.61,90.59
6.333,527.59,52.429,-15.576,90.721
6.343,528.11,52.273,-15.542,90.851
6.353,528.63,52.118,-15.508,90.982
6.363,529.15,51.963,-15.474,91.113
6.373,529.67,51.809,-15.441,91.243
6.383,530.19,51.654,-15.408,91.373
6.393,530.7,51.5,-15.374,91.503
6.403,531.22,51.347,-15.341,91.633
6.413,531.73,51.194,-15.308,91.763
6.423,532.24,51.041,-15.276,91.892
6.433,532.75,50.888,-15.243,92.022
6.443,533.26,50.736,-15.211,92.151
6.453,533.77,50.584,-15.179,92.28
6.463,534.27,50.432,-15.147,92.409
6.473,534.77,50.281,-15.115,92.538
6.483,535.28,50.13,-15.083,92.667
6.493,535.78,49.979,-15.051,92.796
6.503,536.28,49.829,-15.02,92.924
6.513,536.77,49.679,-14.989,93.052
6.523,537.27,49.529,-14.957,93.181
6.533,537.76,49.38,-14.926,93.309
6.543,538.26,49.231,-14.896,93.437
6.553,538.75,49.082,-14.865,93.564
6.563,539.24,48.933,-14.834,93.692
6.573,539.73,48.785,-14.804,93.82
6.583,540.21,48.637,-14.774,93.947
6.593,540.7,48.49,-14.744,94.074
6.603,541.18,48.342,-14.714,94.202
6.613,541.67,48.195,-14.684,94.329
6.623,542.15,48.049,-14.655,94.456
6.633,542.63,47.902,-14.625,94.582
6.643,543.11,47.756,-14.596,94.709
6.653,543.58,47.61,-14.567,94.835
6.663,544.06,47.465,-14.538,94.962
6.673,544.53,47.32,-14.509,95.088
6.683,545,47.175,-14.48,95.214
6.693,545.48,47.03,-14.452,95.34
6.703,545.95,46.886,-14.423,95.466
6.713,546.41,46.742,-14.395,95.592
6.723,546.88,46.598,-14.367,95.718
6.733,547.35,46.454,-14.339,95.843
6.743,547.81,46.311,-14.312,95.968
6.753,548.27,46.168,-14.284,96.094
6.763,548.73,46.025,-14.257,96.219
6.773,549.19,45.883,-14.229,96.344
6.783,549.65,45.741,-14.202,96.469
6.793,550.11,45.599,-14.175,96.593
6.803,550.56,45.457,-14.148,96.718
6.813,551.02,45.316,-14.122,96.843
6.823,551.47,45.175,-14.095,96.967
6.833,551.92,45.034,-14.069,97.091
6.843,552.37,44.893,-14.042,97.216
6.853,552.82,44.753,-14.016,97.34
6.863,553.26,44.613,-13.99,97.464
6.873,553.71,44.473,-13.964,97.587
6.883,554.15,44.334,-13.939,97.711
6.893,554.6,44.195,-13.913,97.835
6.903,555.04,44.056,-13.888,97.958
6.913,555.48,43.917,-13.862,98.081
6.923,555.92,43.778,-13.837,98.205
6.933,556.35,43.64,-13.812,98.328
6.943,556.79,43.502,-13.787,98.451
6.953,557.22,43.364,-13.762,98.574
6.963,557.66,43.227,-13.737,98.696
6.973,558.09,43.09,-13.713,98.819
6.983,558.52,42.953,-13.688,98.942
6.993,558.95,42.816,-13.664,99.064
7.003,559.37,42.679,-13.64,99.186
7.013,559.8,42.543,-13.616,99.309
7.023,560.23,42.407,-13.592,99.431
7.033,560.65,42.271,-13.568,99.553
7.043,561.07,42.136,-13.544,99.675
7.053,561.49,42,-13.52,99.796
7.063,561.91,41.865,-13.497,99.918
7.073,562.33,41.73,-13.473,100.04
7.083,562.75,41.596,-13.45,100.16
7.093,563.16,41.461,-13.427,100.28
7.103,563.57,41.327,-13.404,100.4
7.113,563.99,41.193,-13.381,100.52
7.123,564.4,41.06,-13.358,100.65
7.133,564.81,40.926,-13.335,100.77
7.143,565.22,40.793,-13.313,100.89
7.153,565.62,40.66,-13.29,101.01
7.163,566.03,40.527,-13.268,101.13
7.173,566.43,40.394,-13.245,101.25
7.183,566.84,40.262,-13.223,101.37
7.193,567.24,40.13,-13.201,101.49
7.203,567.64,39.998,-13.179,101.61
7.213,568.04,39.866,-13.157,101.73
7.223,568.44,39.735,-13.136,101.85
7.233,568.83,39.604,-13.114,101.97
7.243,569.23,39.473,-13.092,102.09
7.253,569.62,39.342,-13.071,102.21
7.263,570.02,39.211,-13.05,102.33
7.273,570.41,39.081,-13.028,102.45
7.283,570.8,38.951,-13.007,102.57
7.293,571.19,38.821,-12.986,102.69
7.303,571.57,38.691,-12.965,102.81
7.313,571.96,38.561,-12.945,102.93
7.323,572.35,38.432,-12.924,103.04
7.333,572.73,38.303,-12.903,103.16
7.343,573.11,38.174,-12.883,103.28
7.353,573.49,38.045,-12.862,103.4
7.363,573.87,37.917,-12.842,103.52
7.373,574.25,37.788,-12.822,103.64
7.383,574.63,37.66,-12.802,103.76
7.393,575,37.532,-12.782,103.87
7.403,575.38,37.405,-12.762,103.99
7.413,575.75,37.277,-12.742,104.11
7.423,576.13,37.15,-12.723,104.23
7.433,576.5,37.023,-12.703,104.35
7.443,576.87,36.896,-12.684,104.47
7.453,577.23,36.769,-12.665,104.58
7.463,577.6,36.643,-12.645,104.7
7.473,577.97,36.516,-12.626,104.82
7.483,578.33,36.39,-12.607,104.94
7.493,578.69,36.264,-12.588,105.05
7.503,579.06,36.138,-12.569,105.17
7.513,579.42,36.013,-12.551,105.29
7.523,579.78,35.887,-12.532,105.4
7.533,580.13,35.762,-12.514,105.52
7.543,580.49,35.637,-12.495,105.64
7.553,580.85,35.512,-12.477,105.76
7.563,581.2,35.387,-12.459,105.87
7.573,581.56,35.263,-12.44,105.99
7.583,581.91,35.139,-12.422,106.11
7.593,582.26,35.014,-12.404,106.22
7.603,582.61,34.89,-12.386,106.34
7.613,582.96,34.767,-12.369,106.45
7.623,583.3,34.643,-12.351,106.57
7.633,583.65,34.52,-12.333,106.69
7.643,583.99,34.396,-12.316,106.8
7.653,584.34,34.273,-12.298,106.92
7.663,584.68,34.15,-12.281,107.03
7.673,585.02,34.028,-12.264,107.15
7.683,585.36,33.905,-12.247,107.27
7.693,585.7,33.783,-12.23,107.38
7.703,586.04,33.661,-12.213,107.5
7.713,586.37,33.539,-12.196,107.61
7.723,586.71,33.417,-12.179,107.73
7.733,587.04,33.295,-12.162,107.84
7.743,587.37,33.173,-12.145,107.96
7.753,587.7,33.052,-12.129,108.07
7.763,588.03,32.931,-12.112,108.19
7.773,588.36,32.81,-12.096,108.3
7.783,588.69,32.689,-12.079,108.42
7.793,589.02,32.568,-12.063,108.53
7.803,589.34,32.448,-12.047,108.65
7.813,589.66,32.327,-12.031,108.76
7.823,589.99,32.207,-12.015,108.88
7.833,590.31,32.087,-11.999,108.99
7.843,590.63,31.967,-11.983,109.11
7.853,590.95,31.847,-11.967,109.22
7.863,591.27,31.728,-11.952,109.33
7.873,591.58,31.608,-11.936,109.45
7.883,591.9,31.489,-11.92,109.56
7.8923,592.19,31.379,-11.906,109.67
7.9023,592.5,31.26,-11.891,109.78
7.9123,592.81,31.141,-11.875,109.9
7.9223,593.12,31.023,-11.86,110.01
7.9322,593.43,30.904,-11.845,110.12
7.9422,593.74,30.786,-11.83,110.24
7.9522,594.05,30.668,-11.815,110.35
7.9622,594.36,30.55,-11.8,110.46
7.9722,594.66,30.432,-11.785,110.58
7.9822,594.96,30.314,-11.77,110.69
7.9922,595.27,30.196,-11.756,110.8
8.0022,595.57,30.079,-11.741,110.92
8.0122,595.87,29.961,-11.726,111.03
8.0222,596.17,29.844,-11.712,111.14
8.0322,596.46,29.727,-11.697,111.26
8.0422,596.76,29.61,-11.683,111.37
8.0522,597.06,29.493,-11.669,111.48
8.0622,597.35,29.377,-11.655,111.59
8.0722,597.64,29.26,-11.641,111.71
8.0822,597.94,29.144,-11.626,111.82
8.0922,598.23,29.028,-11.612,111.93
8.1022,598.52,28.912,-11.599,112.04
8.1122,598.81,28.796,-11.585,112.16
8.1222,599.09,28.68,-11.571,112.27
8.1322,599.38,28.564,-11.557,112.38
8.1422,599.66,28.449,-11.544,112.49
8.1522,599.95,28.334,-11.53,112.6
8.1622,600.23,28.218,-11.517,112.72
8.1722,600.51,28.103,-11.503,112.83
8.1822,600.79,27.988,-11.49,112.94
8.1922,601.07,27.873,-11.477,113.05
8.2022,601.35,27.759,-11.464,113.16
8.2122,601.63,27.644,-11.45,113.28
8.2222,601.9,27.53,-11.437,113.39
8.2322,602.18,27.415,-11.424,113.5
8.2422,602.45,27.301,-11.411,113.61
8.2522,602.72,27.187,-11.399,113.72
8.2622,603,27.073,-11.386,113.83
8.2722,603.27,26.959,-11.373,113.94
8.2822,603.53,26.846,-11.361,114.06
8.2922,603.8,26.732,-11.348,114.17
8.3022,604.07,26.619,-11.335,114.28
8.3122,604.33,26.506,-11.323,114.39
8.3222,604.6,26.392,-11.311,114.5
8.3322,604.86,26.279,-11.298,114.61
8.3422,605.12,26.166,-11.286,114.72
8.3522,605.39,26.054,-11.274,114.83
8.3622,605.65,25.941,-11.262,114.94
8.3722,605.9,25.828,-11.25,115.05
8.3822,606.16,25.716,-11.238,115.16
8.3922,606.42,25.604,-11.226,115.27
8.4022,606.67,25.491,-11.214,115.38
8.4122,606.93,25.379,-11.202,115.49
8.4222,607.18,25.267,-11.191,115.6
8.4322,607.43,25.156,-11.179,115.71
8.4422,607.69,25.044,-11.167,115.82
8.4522,607.94,24.932,-11.156,115.94
8.4622,608.18,24.821,-11.144,116.05
8.4722,608.43,24.709,-11.133,116.16
8.4822,608.68,24.598,-11.122,116.26
8.4922,608.92,24.487,-11.11,116.37
8.5022,609.17,24.376,-11.099,116.48
8.5122,609.41,24.265,-11.088,116.59
8.5222,609.65,24.154,-11.077,116.7
8.5322,609.89,24.043,-11.066,116.81
8.5422,610.13,23.933,-11.055,116.92
8.5522,610.37,23.822,-11.044,117.03
8.5622,610.61,23.712,-11.033,117.14
8.5722,610.85,23.602,-11.022,117.25
8.5822,611.08,23.491,-11.012,117.36
8.5922,611.32,23.381,-11.001,117.47
8.6022,611.55,23.271,-10.99,117.58
8.6122,611.78,23.162,-10.98,117.69
8.6222,612.01,23.052,-10.969,117.8
8.6322,612.24,22.942,-10.959,117.91
8.6422,612.47,22.833,-10.949,118.01
8.6522,612.7,22.723,-10.938,118.12
8.6622,612.93,22.614,-10.928,118.23
8.6722,613.15,22.505,-10.918,118.34
8.6822,613.38,22.395,-10.908,118.45
8.6922,613.6,22.286,-10.898,118.56
8.7022,613.82,22.178,-10.887,118.67
8.7122,614.04,22.069,-10.877,118.78
8.7222,614.26,21.96,-10.868,118.88
8.7322,614.48,21.851,-10.858,118.99
8.7422,614.7,21.743,-10.848,119.1
8.7522,614.92,21.634,-10.838,119.21
8.7622,615.13,21.526,-10.828,119.32
8.7722,615.35,21.418,-10.819,119.43
8.7822,615.56,21.31,-10.809,119.53
8.7922,615.77,21.202,-10.8,119.64
8.8022,615.99,21.094,-10.79,119.75
8.8122,616.2,20.986,-10.781,119.86
8.8222,616.41,20.878,-10.771,119.97
8.8322,616.61,20.77,-10.762,120.07
8.8422,616.82,20.663,-10.753,120.18
8.8522,617.03,20.555,-10.743,120.29
8.8622,617.23,20.448,-10.734,120.4
8.8722,617.44,20.341,-10.725,120.51
8.8822,617.64,20.233,-10.716,120.61
8.8922,617.84,20.126,-10.707,120.72
8.9022,618.04,20.019,-10.698,120.83
8.9122,618.24,19.912,-10.689,120.94
8.9222,618.44,19.806,-10.68,121.04
8.9322,618.64,19.699,-10.671,121.15
8.9422,618.83,19.592,-10.663,121.26
8.9522,619.03,19.486,-10.654,121.36
8.9622,619.22,19.379,-10.645,121.47
8.9722,619.42,19.273,-10.637,121.58
8.9822,619.61,19.166,-10.628,121.69
8.9922,619.8,19.06,-10.62,121.79
9.0022,619.99,18.954,-10.611,121.9
9.0122,620.18,18.848,-10.603,122.01
9.0222,620.37,18.742,-10.594,122.11
9.0322,620.55,18.636,-10.586,122.22
9.0422,620.74,18.53,-10.578,122.33
9.0522,620.92,18.424,-10.57,122.43
9.0622,621.11,18.319,-10.561,122.54
9.0722,621.29,18.213,-10.553,122.65
9.0822,621.47,18.108,-10.545,122.75
9.0922,621.65,18.002,-10.537,122.86
9.1022,621.83,17.897,-10.529,122.97
9.1122,622.01,17.792,-10.521,123.07
9.1222,622.19,17.687,-10.513,123.18
9.1322,622.36,17.581,-10.506,123.29
9.1422,622.54,17.476,-10.498,123.39
9.1522,622.71,17.371,-10.49,123.5
9.1622,622.89,17.267,-10.482,123.61
9.1722,623.06,17.162,-10.475,123.71
9.1822,623.23,17.057,-10.467,123.82
9.1922,623.4,16.952,-10.46,123.92
9.2022,623.57,16.848,-10.452,124.03
9.2122,623.74,16.743,-10.445,124.14
9.2222,623.9,16.639,-10.437,124.24
9.2322,624.07,16.535,-10.43,124.35
9.2422,624.24,16.43,-10.423,124.45
9.2522,624.4,16.326,-10.415,124.56
9.2622,624.56,16.222,-10.408,124.67
9.2722,624.72,16.118,-10.401,124.77
9.2822,624.88,16.014,-10.394,124.88
9.2922,625.04,15.91,-10.387,124.98
9.3022,625.2,15.806,-10.38,125.09
9.3122,625.36,15.703,-10.373,125.19
9.3222,625.52,15.599,-10.366,125.3
9.3322,625.67,15.495,-10.359,125.41
9.3422,625.83,15.392,-10.352,125.51
9.3522,625.98,15.288,-10.345,125.62
9.3622,626.13,15.185,-10.338,125.72
9.3722,626.28,15.081,-10.332,125.83
9.3822,626.43,14.978,-10.325,125.93
9.3922,626.58,14.875,-10.318,126.04
9.4022,626.73,14.772,-10.312,126.14
9.4122,626.88,14.669,-10.305,126.25
9.4222,627.02,14.566,-10.298,126.35
9.4322,627.17,14.463,-10.292,126.46
9.4422,627.31,14.36,-10.285,126.56
9.4522,627.46,14.257,-10.279,126.67
9.4622,627.6,14.154,-10.273,126.77
9.4722,627.74,14.052,-10.266,126.88
9.4822,627.88,13.949,-10.26,126.98
9.4922,628.02,13.846,-10.254,127.09
9.5022,628.16,13.744,-10.248,127.19
9.5122,628.29,13.641,-10.241,127.3
9.5222,628.43,13.539,-10.235,127.4
9.5322,628.56,13.437,-10.229,127.51
9.5422,628.7,13.334,-10.223,127.61
9.5522,628.83,13.232,-10.217,127.72
9.5622,628.96,13.13,-10.211,127.82
9.5722,629.09,13.028,-10.205,127.92
9.5822,629.22,12.926,-10.199,128.03
9.5922,629.35,12.824,-10.193,128.13
9.6022,629.48,12.722,-10.187,128.24
9.6122,629.61,12.62,-10.182,128.34
9.6222,629.73,12.519,-10.176,128.45
9.6322,629.86,12.417,-10.17,128.55
9.6422,629.98,12.315,-10.164,128.65
9.6522,630.1,12.214,-10.159,128.76
9.6622,630.23,12.112,-10.153,128.86
9.6722,630.35,12.01,-10.148,128.97
9.6822,630.47,11.909,-10.142,129.07
9.6922,630.58,11.808,-10.136,129.18
9.7022,630.7,11.706,-10.131,129.28
9.7122,630.82,11.605,-10.125,129.38
9.7222,630.93,11.504,-10.12,129.49
9.7322,631.05,11.403,-10.115,129.59
9.7422,631.16,11.301,-10.109,129.69
9.7522,631.27,11.2,-10.104,129.8
9.7622,631.39,11.099,-10.099,129.9
9.7722,631.5,10.998,-10.093,130.01
9.7822,631.61,10.898,-10.088,130.11
9.7922,631.71,10.797,-10.083,130.21
9.8022,631.82,10.696,-10.078,130.32
9.8122,631.93,10.595,-10.072,130.42
9.8222,632.03,10.494,-10.067,130.52
9.8322,632.14,10.394,-10.062,130.63
9.8422,632.24,10.293,-10.057,130.73
9.8522,632.34,10.193,-10.052,130.83
9.8622,632.45,10.092,-10.047,130.94
9.8722,632.55,9.9917,-10.042,131.04
9.8822,632.65,9.8913,-10.037,131.14
9.8922,632.74,9.791,-10.032,131.25
9.9022,632.84,9.6907,-10.027,131.35
9.9122,632.94,9.5904,-10.022,131.45
9.9222,633.03,9.4902,-10.017,131.56
9.9322,633.13,9.3901,-10.012,131.66
9.9422,633.22,9.29,-10.007,131.76
9.9522,633.31,9.1899,-10.002,131.87
9.9622,633.4,9.0899,-9.9976,131.97
9.9722,633.49,8.99,-9.9928,132.07
9.9822,633.58,8.8901,-9.9879,132.18
9.9922,633.67,8.7902,-9.9831,132.28
10.002,633.76,8.6904,-9.9783,132.38
10.012,633.85,8.5907,-9.9735,132.48
10.022,633.93,8.4909,-9.9688,132.59
10.032,634.02,8.3913,-9.964,132.69
10.042,634.1,8.2917,-9.9592,132.79
10.052,634.18,8.1921,-9.9545,132.89
10.062,634.26,8.0926,-9.9497,133
10.072,634.34,7.9931,-9.945,133.1
10.082,634.42,7.8937,-9.9403,133.2
10.092,634.5,7.7943,-9.9355,133.31
10.102,634.58,7.695,-9.9308,133.41
10.112,634.66,7.5957,-9.9261,133.51
10.122,634.73,7.4964,-9.9214,133.61
10.132,634.81,7.3973,-9.9167,133.71
10.142,634.88,7.2981,-9.912,133.82
10.152,634.95,7.199,-9.9073,133.92
10.162,635.02,7.1,-9.9026,134.02
10.172,635.09,7.001,-9.8978,134.12
10.182,635.16,6.902,-9.8931,134.23
10.192,635.23,6.8031,-9.8884,134.33
10.202,635.3,6.7042,-9.8836,134.43
10.212,635.37,6.6054,-9.8788,134.53
10.222,635.43,6.5067,-9.874,134.63
10.232,635.5,6.4079,-9.8692,134.74
10.242,635.56,6.3093,-9.8644,134.84
10.252,635.62,6.2107,-9.8596,134.94
10.262,635.68,6.1121,-9.8547,135.04
10.272,635.74,6.0136,-9.8498,135.14
10.282,635.8,5.9151,-9.8449,135.25
10.292,635.86,5.8167,-9.8399,135.35
10.302,635.92,5.7183,-9.8349,135.45
10.312,635.98,5.62,-9.8299,135.55
10.322,636.03,5.5217,-9.8249,135.65
10.332,636.09,5.4235,-9.8198,135.75
10.342,636.14,5.3253,-9.8146,135.86
10.352,636.19,5.2272,-9.8095,135.96
10.362,636.25,5.1291,-9.8043,136.06
10.372,636.3,5.0311,-9.799,136.16
10.382,636.35,4.9331,-9.7937,136.26
10.392,636.4,4.8352,-9.7884,136.36
10.402,636.44,4.7374,-9.783,136.46
10.412,636.49,4.6396,-9.7775,136.57
10.422,636.54,4.5418,-9.772,136.67
10.432,636.58,4.4441,-9.7664,136.77
10.442,636.62,4.3465,-9.7608,136.87
10.452,636.67,4.2489,-9.7551,136.97
10.462,636.71,4.1514,-9.7494,137.07
10.472,636.75,4.0539,-9.7436,137.17
10.482,636.79,3.9565,-9.7377,137.27
10.492,636.83,3.8592,-9.7317,137.38
10.502,636.87,3.7619,-9.7257,137.48
10.512,636.91,3.6647,-9.7196,137.58
10.522,636.94,3.5675,-9.7135,137.68
10.532,636.98,3.4704,-9.7072,137.78
10.542,637.01,3.3733,-9.7009,137.88
10.552,637.04,3.2764,-9.6945,137.98
10.562,637.08,3.1795,-9.688,138.08
10.572,637.11,3.0826,-9.6814,138.18
10.582,637.14,2.9858,-9.6747,138.28
10.592,637.17,2.8891,-9.668,138.38
10.602,637.2,2.7925,-9.6611,138.48
10.612,637.22,2.6959,-9.6542,138.58
10.622,637.25,2.5994,-9.6472,138.69
10.632,637.28,2.5029,-9.64,138.79
10.642,637.3,2.4066,-9.6328,138.89
10.652,637.32,2.3103,-9.6255,138.99
10.662,637.35,2.2141,-9.6181,139.09
10.672,637.37,2.1179,-9.6105,139.19
10.682,637.39,2.0219,-9.6029,139.29
10.692,637.41,1.9259,-9.5952,139.39
10.702,637.43,1.83,-9.5874,139.49
10.712,637.44,1.7341,-9.5795,139.59
10.722,637.46,1.6384,-9.5715,139.69
10.732,637.48,1.5427,-9.5635,139.79
10.742,637.49,1.4471,-9.5553,139.89
10.752,637.51,1.3516,-9.5471,139.99
10.762,637.52,1.2562,-9.5388,140.09
10.772,637.53,1.1608,-9.5304,140.19
10.782,637.54,1.0655,-9.5219,140.29
10.792,637.55,0.97037,-9.5133,140.39
10.802,637.56,0.87528,-9.5046,140.49
10.812,637.57,0.78027,-9.4979,140.59
10.822,637.58,0.68533,-9.4913,140.69
10.832,637.58,0.59045,-9.4845,140.79
10.842,637.59,0.49564,-9.4777,140.89
10.852,637.59,0.40089,-9.4707,140.98
10.862,637.6,0.30622,-9.4636,141.08
10.872,637.6,0.21162,-9.4565,141.18
10.882,637.6,0.11709,-9.4492,141.28
10.892,637.6,0.022638,-9.4418,141.38
10.902,637.6,-0.071743,-9.4343,141.48
10.912,637.6,-0.16605,-9.4268,141.58
10.922,637.6,-0.26028,-9.4191,141.68
10.932,637.6,-0.35443,-9.4113,141.78
10.942,637.59,-0.4485,-9.4033,141.88
10.952,637.59,-0.5425,-9.3953,141.98
10.962,637.58,-0.63641,-9.3872,142.08
10.972,637.57,-0.73024,-9.3789,142.18
10.982,637.57,-0.82399,-9.3705,142.27
10.992,637.56,-0.91765,-9.3621,142.37
11.002,637.55,-1.0112,-9.3535,142.47
11.012,637.54,-1.1047,-9.3448,142.57
11.022,637.53,-1.1981,-9.3359,142.67
11.032,637.51,-1.2914,-9.327,142.77
11.042,637.5,-1.3847,-9.3179,142.87
11.052,637.49,-1.4778,-9.3087,142.97
11.062,637.47,-1.5708,-9.2994,143.07
11.072,637.45,-1.6638,-9.29,143.16
11.082,637.44,-1.7566,-9.2805,143.26
11.092,637.42,-1.8494,-9.2708,143.36
11.102,637.4,-1.9421,-9.2611,143.46
11.112,637.38,-2.0346,-9.2512,143.56
11.122,637.36,-2.1271,-9.2412,143.66
11.132,637.34,-2.2194,-9.2311,143.75
11.142,637.31,-2.3117,-9.2208,143.85
11.152,637.29,-2.4039,-9.2105,143.95
11.162,637.27,-2.4959,-9.2,144.05
11.172,637.24,-2.5879,-9.1894,144.15
11.182,637.22,-2.6797,-9.1787,144.25
11.192,637.19,-2.7714,-9.1679,144.34
11.202,637.16,-2.8631,-9.157,144.44
11.212,637.13,-2.9546,-9.146,144.54
11.222,637.1,-3.046,-9.1349,144.64
11.232,637.07,-3.1373,-9.1236,144.74
11.242,637.04,-3.2284,-9.1123,144.83
11.252,637.01,-3.3195,-9.1008,144.93
11.262,636.97,-3.4105,-9.0893,145.03
11.272,636.94,-3.5013,-9.0776,145.13
11.282,636.9,-3.592,-9.0658,145.23
11.292,636.87,-3.6826,-9.054,145.32
11.302,636.83,-3.7731,-9.042,145.42
11.312,636.79,-3.8635,-9.0299,145.52
11.322,636.75,-3.9537,-9.0178,145.62
11.332,636.71,-4.0438,-9.0055,145.71
11.342,636.67,-4.1338,-8.9932,145.81
11.352,636.63,-4.2237,-8.9807,145.91
11.362,636.59,-4.3134,-8.9682,146.01
11.372,636.54,-4.403,-8.9556,146.1
11.382,636.5,-4.4925,-8.9429,146.2
11.392,636.45,-4.5819,-8.9301,146.3
11.402,636.41,-4.6711,-8.9173,146.4
11.412,636.36,-4.7602,-8.9044,146.49
11.422,636.31,-4.8492,-8.8914,146.59
11.432,636.26,-4.9381,-8.8783,146.69
11.442,636.21,-5.0268,-8.8652,146.79
11.452,636.16,-5.1154,-8.852,146.88
11.462,636.11,-5.2038,-8.8387,146.98
11.472,636.06,-5.2921,-8.8254,147.08
11.482,636,-5.3803,-8.812,147.17
11.492,635.95,-5.4684,-8.7985,147.27
11.502,635.89,-5.5563,-8.7851,147.37
11.512,635.84,-5.6441,-8.7715,147.47
11.522,635.78,-5.7317,-8.7579,147.56
11.532,635.72,-5.8192,-8.7443,147.66
11.542,635.66,-5.9066,-8.7306,147.76
11.552,635.61,-5.9939,-8.717,147.85
11.562,635.54,-6.081,-8.7032,147.95
11.572,635.48,-6.1679,-8.6895,148.05
11.582,635.42,-6.2547,-8.6757,148.14
11.592,635.36,-6.3414,-8.6619,148.24
11.602,635.29,-6.428,-8.6481,148.34
11.612,635.23,-6.5144,-8.6342,148.43
11.622,635.16,-6.6007,-8.6204,148.53
11.632,635.1,-6.6868,-8.6066,148.63
11.642,635.03,-6.7728,-8.5927,148.72
11.652,634.96,-6.8587,-8.5789,148.82
11.662,634.89,-6.9444,-8.565,148.92
11.672,634.82,-7.03,-8.5512,149.01
11.682,634.75,-7.1154,-8.5374,149.11
11.692,634.68,-7.2007,-8.5236,149.21
11.702,634.61,-7.2859,-8.5098,149.3
11.712,634.54,-7.3709,-8.4961,149.4
11.722,634.46,-7.4558,-8.4824,149.5
11.732,634.39,-7.5405,-8.4687,149.59
11.742,634.31,-7.6252,-8.4551,149.69
11.752,634.23,-7.7096,-8.4415,149.78
11.762,634.16,-7.794,-8.428,149.88
11.772,634.08,-7.8782,-8.4145,149.98
11.782,634,-7.9623,-8.4011,150.07
11.792,633.92,-8.0462,-8.3878,150.17
11.802,633.84,-8.13,-8.3745,150.27
11.812,633.76,-8.2137,-8.3613,150.36
11.822,633.67,-8.2973,-8.3482,150.46
11.832,633.59,-8.3807,-8.3352,150.55
11.842,633.51,-8.464,-8.3222,150.65
11.852,633.42,-8.5471,-8.3094,150.75
11.862,633.34,-8.6302,-8.2967,150.84
11.872,633.25,-8.7131,-8.284,150.94
11.882,633.16,-8.7958,-8.2715,151.03
11.892,633.07,-8.8785,-8.2591,151.13
11.902,632.98,-8.961,-8.2468,151.23
11.912,632.89,-9.0434,-8.2347,151.32
11.922,632.8,-9.1257,-8.2227,151.42
11.932,632.71,-9.2079,-8.2108,151.51
11.942,632.62,-9.2899,-8.1991,151.61
11.952,632.52,-9.3719,-8.1875,151.71
11.962,632.43,-9.4537,-8.1761,151.8
11.972,632.34,-9.5354,-8.1649,151.9
11.982,632.24,-9.617,-8.1538,152
11.992,632.14,-9.6985,-8.1429,152.09
12.062,631.46,-9.8768,-1.8488,152.75
12.129,630.8,-10.003,-1.9025,153.34
12.2,630.08,-10.141,-1.9363,153.93
12.276,629.31,-10.289,-1.9495,154.53
12.357,628.46,-10.446,-1.9419,155.14
12.444,627.55,-10.612,-1.9131,155.74
12.537,626.55,-10.786,-1.8634,156.35
12.638,625.46,-10.967,-1.7931,156.95
12.746,624.25,-11.152,-1.7028,157.56
12.865,622.92,-11.341,-1.5935,158.16
12.995,621.44,-11.531,-1.4666,158.76
13.138,619.77,-11.721,-1.3238,159.36
13.298,617.88,-11.908,-1.1673,159.95
13.48,615.7,-12.09,-0.99982,160.54
13.691,613.13,-12.263,-0.82466,161.12
13.941,610.04,-12.425,-0.64599,161.7
14.25,606.18,-12.57,-0.46908,162.26
14.656,601.05,-12.692,-0.30085,162.81
15.156,594.68,-12.768,-0.15086,163.25
15.656,588.29,-12.794,-0.05252,163.53
16.156,581.9,-12.801,-0.015066,163.7
16.656,575.49,-12.802,-8.7808e-4,163.81
17.156,569.09,-12.8,0.0044932,163.87
17.656,562.7,-12.796,0.0065249,163.91
18.156,556.3,-12.793,0.0072898,163.94
18.656,549.9,-12.789,0.0075735,163.96
19.156,543.51,-12.785,0.0076742,163.97
19.656,537.12,-12.781,0.0077053,163.97
20.156,530.73,-12.777,0.0077099,163.98
20.656,524.34,-12.773,0.0077045,163.98
21.156,517.95,-12.77,0.0076953,163.98
21.656,511.57,-12.766,0.0076846,163.99
22.156,505.19,-12.762,0.0076734,163.99
22.656,498.81,-12.758,0.0076621,163.99
23.156,492.43,-12.754,0.0077186,163.99
23.656,486.05,-12.75,0.0080184,163.99
24.156,479.68,-12.746,0.0080784,163.99
24.656,473.31,-12.742,0.0080825,163.99
25.156,466.94,-12.738,0.0080738,164
25.656,460.57,-12.734,0.0080621,164
26.156,454.2,-12.73,0.0080497,164
26.656,447.84,-12.726,0.0080372,164
27.156,441.48,-12.722,0.0080247,164
27.656,435.12,-12.718,0.0080122,164
28.156,428.76,-12.714,0.0079998,164
28.656,422.4,-12.71,0.0079873,164
29.156,416.05,-12.706,0.007975,164
29.656,409.7,-12.702,0.0079626,164.01
30.156,403.35,-12.698,0.0079503,164.01
30.656,397,-12.694,0.007938,164.01
31.156,390.65,-12.69,0.0079257,164.01
31.656,384.31,-12.686,0.0079135,164.01
32.156,377.97,-12.682,0.0079013,164.01
32.656,371.63,-12.678,0.0078892,164.01
33.156,365.29,-12.674,0.007877,164.01
33.656,358.95,-12.67,0.0078649,164.01
34.156,352.62,-12.667,0.0078529,164.01
34.656,346.29,-12.663,0.0078408,164.02
35.156,339.96,-12.659,0.0078288,164.02
35.656,333.63,-12.655,0.0078169,164.02
36.156,327.3,-12.651,0.0078049,164.02
36.656,320.98,-12.647,0.007793,164.02
37.156,314.65,-12.643,0.0077812,164.02
37.656,308.33,-12.639,0.0077693,164.02
38.156,302.02,-12.635,0.0077575,164.02
38.656,295.7,-12.631,0.0077457,164.02
39.156,289.38,-12.628,0.007734,164.03
39.656,283.07,-12.624,0.0077222,164.03
40.156,276.76,-12.62,0.0077105,164.03
40.656,270.45,-12.616,0.0076989,164.03
41.156,264.14,-12.612,0.0076872,164.03
41.656,257.84,-12.608,0.0076756,164.03
42.156,251.54,-12.604,0.0076641,164.03
42.656,245.23,-12.601,0.0076525,164.03
43.156,238.94,-12.597,0.007641,164.03
43.656,232.64,-12.593,0.0076295,164.03
44.156,226.34,-12.589,0.0076181,164.04
44.656,220.05,-12.585,0.0076066,164.04
45.156,213.76,-12.582,0.0075952,164.04
45.656,207.47,-12.578,0.0075839,164.04
46.156,201.18,-12.574,0.0075725,164.04
46.656,194.89,-12.57,0.0075612,164.04
47.156,188.61,-12.566,0.0075499,164.04
47.656,182.33,-12.563,0.0075387,164.04
48.156,176.05,-12.559,0.0075274,164.04
48.656,169.77,-12.555,0.0075162,164.04
49.156,163.49,-12.551,0.0075051,164.05
49.656,157.22,-12.548,0.0074939,164.05
50.156,150.94,-12.544,0.0074828,164.05
50.656,144.67,-12.54,0.0074717,164.05
51.156,138.4,-12.536,0.0074607,164.05
51.656,132.14,-12.533,0.0074497,164.05
52.156,125.87,-12.529,0.0074387,164.05
52.656,119.61,-12.525,0.0074277,164.05
53.156,113.34,-12.522,0.0074167,164.05
53.656,107.09,-12.518,0.0074058,164.06
54.156,100.83,-12.514,0.0073949,164.06
54.656,94.571,-12.511,0.0073841,164.06
55.156,88.317,-12.507,0.0073732,164.06
55.656,82.064,-12.503,0.0073624,164.06
56.156,75.813,-12.499,0.0073516,164.06
56.656,69.565,-12.496,0.0073409,164.06
57.156,63.318,-12.492,0.0073302,164.06
57.656,57.072,-12.488,0.0073194,164.06
58.156,50.829,-12.485,0.0073088,164.06
58.656,44.588,-12.481,0.0072981,164.07
59.156,38.348,-12.478,0.0072875,164.07
59.656,32.11,-12.474,0.0072769,164.07
60.156,25.874,-12.47,0.0072663,164.07
60.656,19.64,-12.467,0.0072558,164.07
61.156,13.407,-12.463,0.0072453,164.07
61.656,7.1767,-12.459,0.0072348,164.07
62.156,0.94786,-12.456,0.0072243,164.07
62.656,-5.2791,-12.452,0.0072139,164.07
