Time,Altitude,Pressure,Velocity,Temperature,Events,Voltages
0.00,-5.443096E-06,1007.70,0,48.74, -,9.043174
0.05,5.484945,1007.50,5.238095,48.74, -,9.043174
0.10,13.71319,1007.20,13.09524,48.74, -,9.043174
0.15,21.94341,1006.90,20.95238,48.74, -,9.043174
0.20,30.1773,1006.60,28.80952,48.74, -,9.043174
0.25,41.15612,1006.20,39.28571,48.74, -,9.043174
0.30,52.14014,1005.80,49.76191,48.74, -,9.043174
0.35,68.62114,1005.20,65.47619,48.74, -,9.043174
0.40,76.86462,1004.90,73.33334,48.74, -,9.043174
0.45,87.86015,1004.50,83.80952,48.74, -,9.043174
0.50,101.6087,1004.00,96.90476,48.74, -,9.043174
0.55,118.1136,1003.40,112.619,48.74, -,9.043174
0.60,131.8744,1002.90,125.7143,48.74, -,9.043174
0.65,148.3957,1002.30,141.4286,48.74, -,9.043174
0.70,164.9233,1001.70,157.1905,48.74, -,9.043174
0.75,189.7314,1000.80,180.8095,48.74, -,9.043174
0.80,203.5211,1000.30,193.9524,48.74, -,9.043174
0.85,220.0755,999.70,209.7143,48.74, -,9.043174
0.90,242.161,998.90,230.7619,48.74, -,9.043174
0.95,275.317,997.70,262.3333,48.74, -,9.043174
1.00,289.1414,997.20,275.4762,48.74, -,9.043174
1.05,305.7392,996.60,291.2857,48.74, -,9.043174
1.10,327.8804,995.80,307.1429,48.74, -,9.043174
1.15,361.12,994.60,330.9524,48.74, -,9.043174
1.20,377.7512,994.00,338.9524,48.74, -,9.043174
1.25,394.3904,993.40,346.9524,48.74, -,9.043174
1.30,413.8144,992.70,354.9524,48.74, -,9.043174
1.35,447.1381,991.50,376.1905,48.74, -,9.043174
1.40,472.1527,990.60,384.2857,48.74, -,9.043174
1.45,491.6194,989.90,394.9524,48.74, -,9.043174
1.50,505.532,989.40,397.7143,48.74, -,9.062621
1.55,530.5897,988.50,408.4762,48.74, -,9.062621
1.60,577.9703,986.80,437.9048,48.74, -,9.062621
1.65,636.5895,984.70,480.619,48.74, -,9.062621
1.70,647.7673,984.30,475.5714,48.74, -,9.062621
1.75,658.9472,983.90,470.4762,48.74, -,9.062621
1.80,692.5122,982.70,478.8095,48.74, -,9.062621
1.85,731.7136,981.30,503,48.74, -,9.062621
1.90,751.3313,980.60,505.9048,48.74, -,9.062621
1.95,770.9586,979.90,503.5714,48.74, -,9.062621
2.00,799.0193,978.90,498.7143,48.74, -,9.062621
2.05,829.9139,977.80,515,48.74, -,9.062621
2.10,841.1539,977.40,509.9048,48.74, -,9.062621
2.15,852.3994,977.00,499.5238,48.74, -,9.062621
2.20,880.5275,976.00,494.6667,48.74, -,9.062621
2.25,894.6003,975.50,492.1905,48.74, -,9.062621
2.30,883.3409,975.90,465.619,48.74, -,9.062621
2.35,900.2314,975.30,463.2381,48.74, -,9.062621
2.40,925.5804,974.40,455.6667,48.74, -,9.062621
2.45,956.5906,973.30,461.381,48.74, -,9.062621
2.50,976.3388,972.60,461.6667,48.74, -,9.062621
2.55,987.6274,972.20,459.1905,48.74, -,9.043174
2.60,1007.394,971.50,454.1429,48.74, -,9.043174
2.65,1038.477,970.40,438.619,48.74, -,9.043174
2.70,1046.961,970.10,390.9048,48.74, -,9.043174
2.75,1061.103,969.60,393.7143,48.74, -,9.043174
2.80,1089.405,968.60,410,48.74, -,9.043174
2.85,1109.229,967.90,396.9048,48.74, -,9.043174
2.90,1120.564,967.50,370.381,48.74, -,9.043174
2.95,1151.751,966.40,381.4286,48.74, -,9.043174
3.00,1208.531,964.40,416.8095,48.74, -,9.043174
3.05,1251.178,962.90,430.7143,48.74, -,9.043174
3.10,1285.335,961.70,433.8095,48.74, -,9.043174
3.15,1353.752,959.30,488.2381,48.74, -,9.043174
3.20,1419.448,957.00,540.0952,48.74, -,9.043174
3.25,1439.468,956.30,532.3333,48.74, -,9.043174
3.30,1396.583,957.80,478.0952,48.74, -,9.043174
3.35,1330.932,960.10,426.2857,48.74, -,9.043174
3.40,1251.178,962.90,334.2381,48.74, -,9.043174
3.45,1291.031,961.50,348.0476,48.74, -,9.043174
3.50,1325.229,960.30,351.0952,48.74, -,9.023726
3.55,1316.676,960.60,324.1429,48.74, -,9.023726
3.60,1308.125,960.90,305.2381,48.74, -,9.023726
3.65,1325.229,960.30,302.7143,48.74, -,9.023726
3.70,1339.487,959.80,286.6667,48.74, -,9.023726
3.75,1325.229,960.30,265,48.74, -,9.023726
3.80,1282.488,961.80,210.8095,48.74, -,9.023726
3.85,1256.869,962.70,159.4762,48.74, -,9.023726
3.90,1259.715,962.60,143.3333,48.74, -,9.023726
3.95,1265.406,962.40,137.9524,48.74, -,9.023726
4.00,1276.793,962.00,119.0952,48.74, -,9.023726
4.05,1302.427,961.10,89.42857,48.74, -,9.023726
4.10,1322.376,960.40,67.80952,48.74, -,9.023726
4.15,1330.932,960.10,43.42857,48.74, -,9.023726
4.20,1333.783,960.00,-19,48.74, -,9.023726
4.25,1342.339,959.70,-73.42857,48.74, -,9.023726
4.30,1350.898,959.40,-84.33334,48.74, -,9.023726
4.35,1368.023,958.80,-27.14286,48.74, -,9.023726
4.40,1379.443,958.40,46.23809,48.74, -,9.023726
4.45,1379.443,958.40,122.1905,48.74, -,9.023726
4.50,1382.3,958.30,86.95238,48.74, -,9.023726
4.55,1390.869,958.00,62.52381,48.74, -,9.043174
4.60,1405.156,957.50,84.28571,48.74, -,9.043174
4.65,1419.448,957.00,106.0476,48.74, -,9.043174
4.70,1425.167,956.80,95.19048,48.74, -,9.043174
4.75,1428.026,956.70,84.33334,48.74, -,9.043174
4.80,1436.607,956.40,106.0952,48.74, -,9.043174
4.85,1448.052,956.00,157.7143,48.74, -,9.043174
4.90,1456.637,955.70,190.2857,48.74, -,9.043174
4.95,1468.089,955.30,198.4762,48.74, -,9.043174
5.00,1473.816,955.10,198.5238,48.74, -,9.043174
5.05,1485.272,954.70,198.5714,48.74, -,9.043174
5.10,1493.867,954.40,182.3333,48.74, -,9.043174
5.15,1502.466,954.10,171.5238,48.74, -,9.043174
5.20,1511.065,953.80,171.5714,48.74, -,9.043174
5.25,1519.666,953.50,177.0476,48.74, -,9.043174
5.30,1528.27,953.20,177.0952,48.74, -,9.043174
5.35,1536.876,952.90,177.1429,48.74, -,9.043174
5.40,1545.486,952.60,169,48.74, -,9.043174
5.45,1554.096,952.30,166.3333,48.74, -,9.043174
5.50,1562.708,952.00,174.5238,48.74, -,9.043174
5.55,1574.196,951.60,182.7619,48.74, -,9.043174
5.60,1577.068,951.50,177.3333,48.74, -,9.043174
5.65,1585.686,951.20,171.9048,48.74, -,9.043174
5.70,1594.306,950.90,166.4762,48.74, -,9.043174
5.75,1602.931,950.60,169.2381,48.74, -,9.043174
5.80,1611.556,950.30,174.7143,48.74, -,9.043174
5.85,1623.058,949.90,177.4762,48.74, -,9.043174
5.90,1631.69,949.60,174.8095,48.74, -,9.043174
5.95,1637.444,949.40,172.0952,48.74, -,9.043174
6.00,1643.2,949.20,166.6667,48.74, -,9.043174
6.05,1648.957,949.00,166.6667,48.74, -,9.043174
6.10,1657.594,948.70,164,48.74, -,9.043174
6.15,1663.353,948.50,161.2857,48.74, -,9.043174
6.20,1671.994,948.20,161.3333,48.74, -,9.043174
6.25,1680.636,947.90,161.381,48.74, -,9.043174
6.30,1686.4,947.70,158.6667,48.74, -,9.043174
6.35,1692.164,947.50,155.9524,48.74, -,9.043174
6.40,1697.93,947.30,153.2381,48.74, -,9.043174
6.45,1706.579,947.00,153.2857,48.74, -,9.043174
6.50,1712.347,946.80,150.5714,48.74, -,9.043174
6.55,1718.116,946.60,147.8571,48.74, -,9.023726
6.60,1726.77,946.30,145.1429,48.74, -,9.023726
6.65,1732.542,946.10,147.9048,48.74, -,9.023726
6.70,1738.312,945.90,145.1905,48.74, -,9.023726
6.75,1744.086,945.70,142.4762,48.74, -,9.023726
6.80,1749.86,945.50,139.7619,48.74, -,9.023726
6.85,1755.635,945.30,137.0952,48.74, -,9.023726
6.90,1761.412,945.10,131.6667,48.74, -,9.023726
6.95,1767.187,944.90,128.9524,48.74, -,9.023726
7.00,1772.966,944.70,129,48.74, -,9.023726
7.05,1874.241,941.20,220,48.74, -,9.023726
7.10,1923.542,939.50,261.4762,48.74, -,9.023726
7.15,1758.522,945.20,96.09524,48.74, -,9.023726
7.20,1767.187,944.90,98.85714,48.74, -,9.023726
7.25,1761.412,945.10,85.09524,48.74, -,9.023726
7.30,1767.187,944.90,82.38095,48.74, -,9.023726
7.35,1767.187,944.90,76.90476,48.74, -,9.023726
7.40,1775.856,944.60,79.66666,48.74, -,9.023726
7.45,1796.087,943.90,93.47619,48.74, -,9.023726
7.50,1801.87,943.70,90.7619,48.74, -,9.043174
7.55,1804.763,943.60,88.04762,48.74, -,9.043174
7.60,1822.119,943.00,99.09524,48.74, -,9.043174
7.65,1842.38,942.30,110.1429,48.74, -,9.043174
7.70,1839.483,942.40,101.9048,48.74, -,9.043174
7.75,1839.483,942.40,96.42857,48.74, -,9.043174
7.80,1845.274,942.20,96.47619,48.74, -,9.043174
7.85,1845.274,942.20,91,48.74, -,9.043174
7.90,1833.695,942.60,74.42857,48.74, -,9.043174
7.95,1822.119,943.00,57.85714,48.74, -,9.043174
8.00,1822.119,943.00,52.33333,48.74, -,9.043174
8.05,1825.012,942.90,49.57143,48.74, -,9.043174
8.10,1825.012,942.90,-46.90476,48.74, -,9.043174
8.15,1825.012,942.90,-93.85714,48.74, -,9.043174
8.20,1827.907,942.80,66.04762,48.74, -,9.043174
8.25,1830.8,942.70,60.57143,48.74, -,9.043174
8.30,1833.695,942.60,68.85714,48.74, -,9.043174
8.35,1833.695,942.60,63.33333,48.74, -,9.043174
8.40,1830.8,942.70,60.57143,48.74, -,9.043174
8.45,1830.8,942.70,52.33333,48.74, -,9.043174
8.50,1830.8,942.70,33.04762,48.74, -,9.043174
8.55,1830.8,942.70,27.52381,48.74, -,9.082069
8.60,1833.695,942.60,27.52381,48.74, -,9.082069
8.65,1833.695,942.60,11,48.74, -,9.082069
8.70,1833.695,942.60,-8.285714,48.74, -,9.082069
8.75,1833.695,942.60,-5.523809,48.74, -,9.082069
8.80,1833.695,942.60,-5.523809,48.74, -,9.082069
8.85,1833.695,942.60,-11.04762,48.74, -,9.082069
8.90,1833.695,942.60,-11.04762,48.74, -,9.082069
8.95,1833.695,942.60,0,48.74, -,9.082069
9.00,1833.695,942.60,11.04762,48.74, -,9.082069
9.05,1836.589,942.50,13.80952,48.74, -,9.082069
9.10,1836.589,942.50,11.04762,48.74, -,9.082069
9.15,1836.589,942.50,11.04762,48.74, -,9.082069
9.20,1839.483,942.40,13.80952,48.74, -,9.082069
9.25,1836.589,942.50,8.285714,48.74, -,9.082069
9.30,1836.589,942.50,5.523809,48.74, -,9.082069
9.35,1836.589,942.50,2.761905,48.74, -,9.082069
9.40,1836.589,942.50,2.761905,48.74, -,9.082069
9.45,1833.695,942.60,2.761905,48.74, -,9.082069
9.50,1830.8,942.70,0,48.74, -,9.101517
9.55,1830.8,942.70,0,48.74, -,9.101517
9.60,1827.907,942.80,-2.761905,48.74, -,9.101517
9.65,1825.012,942.90,-8.285714,48.74, -,9.101517
9.70,1819.226,943.10,-13.80952,48.74, -,9.101517
9.75,1819.226,943.10,-13.80952,48.74, -,9.101517
9.80,1816.332,943.20,-16.57143,48.74, -,9.101517
9.85,1816.332,943.20,-16.57143,48.74, -,9.101517
9.90,1813.44,943.30,-19.33333,48.74, -,9.101517
9.95,1810.546,943.40,-22.09524,48.74, -,9.101517
10.00,1807.655,943.50,-24.85714,48.74, -,9.101517
10.05,1807.655,943.50,-24.85714,48.74, -,9.101517
10.10,1807.655,943.50,-27.61905,48.74, -,9.101517
10.15,1804.763,943.60,-30.38095,48.74, -,9.101517
10.20,1801.87,943.70,-33.14286,48.74, -,9.101517
10.25,1801.87,943.70,-35.90476,48.74, -,9.101517
10.30,1801.87,943.70,-33.14286,48.74, -,9.101517
10.35,1801.87,943.70,-33.14286,48.74, -,9.101517
10.40,1801.87,943.70,-33.14286,48.74, -,9.101517
10.45,1798.979,943.80,-35.90476,48.74, -,9.101517
10.50,1796.087,943.90,-35.90476,48.74, -,9.101517
10.55,1793.197,944.00,-35.90476,48.74, -,9.101517
10.60,1787.415,944.20,-41.42857,48.74, -,9.101517
10.65,1787.415,944.20,-38.66667,48.74, -,9.101517
10.70,1784.525,944.30,-38.66667,48.74, Drogue,9.101517
10.75,1778.745,944.50,-38.66667,48.74, -,9.101517
10.80,1775.856,944.60,-41.42857,48.74, -,9.101517
10.85,1775.856,944.60,-38.66667,48.74, -,9.101517
10.90,1772.966,944.70,-41.42857,48.74, -,9.101517
10.95,1770.077,944.80,-41.42857,48.74, -,9.101517
11.00,1767.187,944.90,-41.42857,48.74, -,9.101517
11.05,1764.299,945.00,-41.42857,48.74, -,9.101517
11.10,1761.412,945.10,-44.19048,48.74, -,9.101517
11.15,1761.412,945.10,-44.19048,48.74, -,9.101517
11.20,1758.522,945.20,-44.19048,48.74, -,9.101517
11.25,1758.522,945.20,-41.42857,48.74, -,9.101517
11.30,1755.635,945.30,-44.19048,48.74, -,9.101517
11.35,1752.747,945.40,-46.95238,48.74, -,9.101517
11.40,1749.86,945.50,-49.71429,48.74, -,9.101517
11.45,1746.974,945.60,-52.47619,48.74, -,9.101517
11.50,1744.086,945.70,-52.47619,48.74, -,9.101517
11.55,1741.2,945.80,-52.47619,48.74, -,9.101517
11.60,1738.312,945.90,-52.47619,48.74, -,9.101517
11.65,1738.312,945.90,-46.95238,48.74, -,9.101517
11.70,1735.427,946.00,-49.71429,48.74, -,9.101517
11.75,1732.542,946.10,-49.71429,48.74, -,9.101517
11.80,1729.655,946.20,-46.95238,48.74, -,9.101517
11.85,1726.77,946.30,-46.95238,48.74, -,9.101517
11.90,1726.77,946.30,-46.95238,48.74, -,9.101517
11.95,1723.884,946.40,-46.95238,48.74, -,9.101517
12.00,1721,946.50,-46.95238,48.74, -,9.101517
12.05,1718.116,946.60,-46.95238,48.74, -,9.101517
12.10,1718.116,946.60,-44.19048,48.74, -,9.101517
12.15,1712.347,946.80,-46.90476,48.74, -,9.101517
12.20,1709.462,946.90,-49.66667,48.74, -,9.101517
12.25,1706.579,947.00,-49.66667,48.74, -,9.101517
12.30,1706.579,947.00,-49.66667,48.74, -,9.101517
12.35,1706.579,947.00,-46.90476,48.74, -,9.101517
12.40,1706.579,947.00,-44.14286,48.74, -,9.101517
12.45,1703.696,947.10,-44.14286,48.74, -,9.101517
12.50,1697.93,947.30,-46.85714,48.74, -,9.101517
12.55,1695.046,947.40,-46.85714,48.74, -,9.101517
12.60,1689.283,947.60,-49.57143,48.74, -,9.101517
12.65,1686.4,947.70,-49.57143,48.74, -,9.101517
12.70,1683.519,947.80,-52.33333,48.74, -,9.101517
12.75,1683.519,947.80,-49.57143,48.74, -,9.101517
12.80,1680.636,947.90,-49.57143,48.74, -,9.101517
12.85,1680.636,947.90,-46.80952,48.74, -,9.101517
12.90,1677.756,948.00,-46.80952,48.74, -,9.101517
12.95,1674.875,948.10,-49.57143,48.74, -,9.101517
13.00,1671.994,948.20,-49.57143,48.74, -,9.101517
13.05,1669.114,948.30,-49.57143,48.74, -,9.101517
13.10,1666.232,948.40,-49.57143,48.74, -,9.101517
13.15,1663.353,948.50,-52.33333,48.74, -,9.101517
13.20,1660.474,948.60,-49.61905,48.74, -,9.101517
13.25,1657.594,948.70,-49.61905,48.74, -,9.101517
13.30,1657.594,948.70,-46.85714,48.74, -,9.101517
13.35,1654.715,948.80,-49.61905,48.74, -,9.101517
13.40,1651.835,948.90,-52.38095,48.74, -,9.101517
13.45,1648.957,949.00,-55.14286,48.74, -,9.101517
13.50,1646.079,949.10,-55.14286,48.74, -,9.101517
13.55,1643.2,949.20,-52.42857,48.74, -,9.101517
13.60,1640.323,949.30,-52.42857,48.74, -,9.101517
13.65,1637.444,949.40,-49.71429,48.74, -,9.101517
13.70,1634.567,949.50,-49.71429,48.74, -,9.101517
13.75,1631.69,949.60,-49.71429,48.74, -,9.101517
13.80,1628.812,949.70,-52.47619,48.74, -,9.101517
13.85,1628.812,949.70,-49.71429,48.74, -,9.101517
13.90,1625.936,949.80,-52.47619,48.74, -,9.101517
13.95,1625.936,949.80,-49.71429,48.74, -,9.101517
14.00,1623.058,949.90,-49.71429,48.74, -,9.101517
14.05,1620.183,950.00,-49.71429,48.74, -,9.101517
14.10,1617.307,950.10,-49.71429,48.74, -,9.101517
14.15,1617.307,950.10,-46.95238,48.74, -,9.101517
14.20,1611.556,950.30,-49.66667,48.74, -,9.101517
14.25,1608.679,950.40,-49.66667,48.74, -,9.101517
14.30,1605.805,950.50,-49.61905,48.74, -,9.101517
14.35,1602.931,950.60,-52.33333,48.74, -,9.101517
14.40,1602.931,950.60,-49.57143,48.74, -,9.101517
14.45,1600.055,950.70,-49.57143,48.74, -,9.101517
14.50,1594.306,950.90,-52.28571,48.74, -,9.101517
14.55,1591.433,951.00,-52.23809,48.74, -,9.101517
14.60,1588.56,951.10,-52.19048,48.74, -,9.101517
14.65,1588.56,951.10,-49.42857,48.74, -,9.101517
14.70,1582.814,951.30,-52.14286,48.74, -,9.101517
14.75,1582.814,951.30,-49.38095,48.74, -,9.101517
14.80,1579.94,951.40,-49.33333,48.74, -,9.101517
14.85,1582.814,951.30,-43.85714,48.74, -,9.101517
14.90,1579.94,951.40,-46.57143,48.74, -,9.101517
14.95,1577.068,951.50,-46.52381,48.74, -,9.101517
15.00,1577.068,951.50,-46.52381,48.74, -,9.101517
15.05,1577.068,951.50,-43.76191,48.74, -,9.101517
15.10,1577.068,951.50,-41,48.74, -,9.101517
15.15,1579.94,951.40,-35.52381,48.74, -,9.101517
15.20,1577.068,951.50,-38.23809,48.74, -,9.101517
15.25,1579.94,951.40,-30.04762,48.74, -,9.101517
15.30,1582.814,951.30,-24.57143,48.74, -,9.101517
15.35,1582.814,951.30,-21.85714,48.74, -,9.101517
15.40,1579.94,951.40,-21.85714,48.74, -,9.101517
15.45,1568.452,951.80,-32.80952,48.74, -,9.101517
15.50,1565.579,951.90,-32.76191,48.74, -,9.120965
15.55,1565.579,951.90,-27.28572,48.74, -,9.120965
15.60,1565.579,951.90,-24.57143,48.74, -,9.120965
15.65,1559.838,952.10,-27.33333,48.74, -,9.120965
15.70,1551.224,952.40,-35.52381,48.74, -,9.120965
15.75,1542.615,952.70,-38.23809,48.74, -,9.120965
15.80,1534.008,953.00,-46.42857,48.74, -,9.120965
15.85,1531.14,953.10,-46.42857,48.74, -,9.120965
15.90,1531.14,953.10,-49.14286,48.74, -,9.120965
15.95,1528.27,953.20,-49.14286,48.74, -,9.120965
16.00,1525.402,953.30,-49.14286,48.74, -,9.120965
16.05,1525.402,953.30,-49.14286,48.74, -,9.120965
16.10,1522.533,953.40,-51.85714,48.74, -,9.120965
16.15,1525.402,953.30,-49.14286,48.74, -,9.120965
16.20,1528.27,953.20,-49.14286,48.74, -,9.120965
16.25,1528.27,953.20,-46.42857,48.74, -,9.120965
16.30,1531.14,953.10,-46.42857,48.74, -,9.120965
16.35,1528.27,953.20,-51.85714,48.74, -,9.120965
16.40,1522.533,953.40,-57.33333,48.74, -,9.120965
16.45,1519.666,953.50,-57.33333,48.74, -,9.120965
16.50,1519.666,953.50,-46.38095,48.74, -,9.120965
16.55,1522.533,953.40,-40.95238,48.74, -,9.120965
16.60,1516.8,953.60,-46.42857,48.74, -,9.120965
16.65,1511.065,953.80,-51.90476,48.74, -,9.120965
16.70,1505.331,954.00,-51.90476,48.74, -,9.120965
16.75,1502.466,954.10,-46.42857,48.74, -,9.120965
16.80,1496.733,954.30,-43.71429,48.74, -,9.120965
16.85,1491.002,954.50,-41,48.74, -,9.120965
16.90,1488.138,954.60,-41,48.74, -,9.120965
16.95,1485.272,954.70,-43.71429,48.74, -,9.120965
17.00,1482.408,954.80,-43.71429,48.74, -,9.120965
17.05,1482.408,954.80,-41,48.74, -,9.120965
17.10,1479.543,954.90,-43.71429,48.74, -,9.120965
17.15,1476.679,955.00,-43.71429,48.74, -,9.120965
17.20,1476.679,955.00,-46.42857,48.74, -,9.120965
17.25,1473.816,955.10,-51.85714,48.74, -,9.120965
17.30,1470.951,955.20,-54.57143,48.74, -,9.120965
17.35,1468.089,955.30,-60,48.74, -,9.120965
17.40,1465.225,955.40,-60,48.74, -,9.120965
17.45,1465.225,955.40,-54.52381,48.74, -,9.120965
17.50,1462.362,955.50,-54.52381,48.74, -,9.120965
17.55,1462.362,955.50,-54.52381,48.74, -,9.120965
17.60,1456.637,955.70,-62.71429,48.74, -,9.120965
17.65,1456.637,955.70,-57.23809,48.74, -,9.120965
17.70,1456.637,955.70,-51.76191,48.74, -,9.120965
17.75,1453.776,955.80,-49,48.74, -,9.120965
17.80,1450.913,955.90,-49,48.74, -,9.120965
17.85,1448.052,956.00,-46.23809,48.74, -,9.120965
17.90,1448.052,956.00,-40.76191,48.74, -,9.120965
17.95,1445.191,956.10,-40.76191,48.74, -,9.120965
18.00,1445.191,956.10,-38.04762,48.74, -,9.120965
18.05,1445.191,956.10,-35.33333,48.74, -,9.120965
18.10,1439.468,956.30,-40.76191,48.74, -,9.120965
18.15,1436.607,956.40,-40.76191,48.74, -,9.120965
18.20,1436.607,956.40,-38.04762,48.74, -,9.120965
18.25,1433.747,956.50,-40.76191,48.74, -,9.120965
18.30,1430.887,956.60,-40.76191,48.74, -,9.120965
18.35,1428.026,956.70,-40.76191,48.74, -,9.120965
18.40,1425.167,956.80,-40.76191,48.74, -,9.120965
18.45,1422.307,956.90,-40.76191,48.74, -,9.120965
18.50,1419.448,957.00,-43.47619,48.74, -,9.120965
18.55,1416.59,957.10,-43.47619,48.74, -,9.101517
18.60,1413.73,957.20,-46.19048,48.74, -,9.101517
18.65,1410.872,957.30,-43.42857,48.74, -,9.101517
18.70,1408.013,957.40,-46.14286,48.74, -,9.101517
18.75,1405.156,957.50,-48.85714,48.74, -,9.101517
18.80,1402.298,957.60,-48.85714,48.74, -,9.101517
18.85,1399.44,957.70,-48.85714,48.74, -,9.101517
18.90,1396.583,957.80,-48.85714,48.74, -,9.101517
18.95,1396.583,957.80,-48.85714,48.74, -,9.101517
19.00,1396.583,957.80,-46.14286,48.74, -,9.101517
19.05,1393.725,957.90,-48.85714,48.74, -,9.101517
19.10,1390.869,958.00,-51.57143,48.74, -,9.101517
19.15,1390.869,958.00,-46.14286,48.74, -,9.101517
19.20,1388.013,958.10,-46.14286,48.74, -,9.101517
19.25,1385.156,958.20,-48.85714,48.74, -,9.101517
19.30,1382.3,958.30,-48.85714,48.74, -,9.101517
19.35,1379.443,958.40,-48.85714,48.74, -,9.101517
19.40,1376.588,958.50,-48.85714,48.74, -,9.101517
19.45,1376.588,958.50,-46.14286,48.74, -,9.101517
19.50,1373.734,958.60,-46.14286,48.74, -,9.120965
19.55,1368.023,958.80,-48.85714,48.74, -,9.120965
19.60,1365.167,958.90,-48.85714,48.74, -,9.120965
19.65,1362.314,959.00,-48.85714,48.74, -,9.120965
19.70,1359.46,959.10,-48.85714,48.74, -,9.120965
19.75,1356.605,959.20,-48.85714,48.74, -,9.120965
19.80,1356.605,959.20,-46.14286,48.74, -,9.120965
19.85,1353.752,959.30,-46.14286,48.74, -,9.120965
19.90,1348.045,959.50,-48.85714,48.74, -,9.120965
19.95,1345.193,959.60,-48.85714,48.74, -,9.120965
20.00,1342.339,959.70,-51.57143,48.74, -,9.120965
20.05,1339.487,959.80,-54.28571,48.74, -,9.120965
20.10,1336.634,959.90,-54.28571,48.74, -,9.120965
20.15,1333.783,960.00,-54.28571,48.74, -,9.120965
20.20,1330.932,960.10,-57,48.74, -,9.120965
20.25,1330.932,960.10,-54.28571,48.74, -,9.120965
20.30,1328.079,960.20,-54.28571,48.74, -,9.120965
20.35,1328.079,960.20,-51.57143,48.74, -,9.120965
20.40,1322.376,960.40,-54.28571,48.74, -,9.120965
20.45,1319.526,960.50,-54.28571,48.74, -,9.120965
20.50,1316.676,960.60,-57,48.74, -,9.120965
20.55,1313.825,960.70,-57,48.74, -,9.101517
20.60,1310.976,960.80,-54.28571,48.74, -,9.101517
20.65,1308.125,960.90,-54.28571,48.74, -,9.101517
20.70,1305.276,961.00,-54.28571,48.74, -,9.101517
20.75,1305.276,961.00,-51.57143,48.74, -,9.101517
20.80,1302.427,961.10,-51.57143,48.74, -,9.101517
20.85,1299.577,961.20,-54.28571,48.74, -,9.101517
20.90,1296.729,961.30,-54.28571,48.74, -,9.101517
20.95,1293.879,961.40,-51.57143,48.74, -,9.101517
21.00,1291.031,961.50,-51.57143,48.74, -,9.101517
21.05,1288.184,961.60,-51.57143,48.74, -,9.101517
21.10,1288.184,961.60,-48.85714,48.74, -,9.101517
21.15,1288.184,961.60,-46.14286,48.74, -,9.101517
21.20,1285.335,961.70,-46.14286,48.74, -,9.101517
21.25,1279.639,961.90,-48.85714,48.74, -,9.101517
21.30,1276.793,962.00,-51.57143,48.74, -,9.101517
21.35,1273.947,962.10,-51.57143,48.74, -,9.101517
21.40,1273.947,962.10,-51.57143,48.74, -,9.101517
21.45,1271.099,962.20,-48.85714,48.74, -,9.101517
21.50,1268.253,962.30,-48.85714,48.74, -,9.101517
21.55,1265.406,962.40,-48.85714,48.74, -,9.101517
21.60,1262.56,962.50,-48.85714,48.74, -,9.101517
21.65,1259.715,962.60,-48.85714,48.74, -,9.101517
21.70,1259.715,962.60,-46.14286,48.74, -,9.101517
21.75,1259.715,962.60,-43.42857,48.74, -,9.101517
21.80,1259.715,962.60,-43.42857,48.74, -,9.101517
21.85,1259.715,962.60,-40.71429,48.74, -,9.101517
21.90,1259.715,962.60,-38,48.74, -,9.101517
21.95,1259.715,962.60,-35.28571,48.74, -,9.101517
22.00,1256.869,962.70,-35.28571,48.74, -,9.101517
22.05,1251.178,962.90,-38,48.74, -,9.101517
22.10,1242.645,963.20,-43.42857,48.74, -,9.101517
22.15,1236.956,963.40,-48.85714,48.74, -,9.101517
22.20,1234.113,963.50,-51.57143,48.74, -,9.101517
22.25,1231.271,963.60,-51.57143,48.74, -,9.101517
22.30,1228.427,963.70,-48.85714,48.74, -,9.101517
22.35,1228.427,963.70,-46.14286,48.74, -,9.101517
22.40,1225.584,963.80,-46.14286,48.74, -,9.101517
22.45,1222.741,963.90,-48.85714,48.74, -,9.101517
22.50,1219.899,964.00,-48.85714,48.74, -,9.101517
22.55,1214.214,964.20,-51.57143,48.74, -,9.101517
22.60,1211.373,964.30,-51.57143,48.74, -,9.101517
22.65,1205.69,964.50,-54.28571,48.74, -,9.101517
22.70,1205.69,964.50,-51.57143,48.74, -,9.101517
22.75,1202.85,964.60,-54.28571,48.74, -,9.101517
22.80,1200.008,964.70,-57,48.74, -,9.101517
22.85,1200.008,964.70,-57,48.74, -,9.101517
22.90,1197.168,964.80,-59.71429,48.74, -,9.101517
22.95,1197.168,964.80,-59.71429,48.74, -,9.101517
23.00,1194.327,964.90,-62.42857,48.74, -,9.101517
23.05,1191.488,965.00,-62.42857,48.74, -,9.101517
23.10,1188.648,965.10,-59.71429,48.74, -,9.101517
23.15,1185.808,965.20,-54.28571,48.74, -,9.101517
23.20,1185.808,965.20,-48.85714,48.74, -,9.101517
23.25,1188.648,965.10,-43.42857,48.74, -,9.101517
23.30,1191.488,965.00,-38,48.74, -,9.101517
23.35,1191.488,965.00,-35.28571,48.74, -,9.101517
23.40,1194.327,964.90,-32.57143,48.74, -,9.101517
23.45,1194.327,964.90,-29.85714,48.74, -,9.101517
23.50,1188.648,965.10,-32.57143,48.74, -,9.101517
23.55,1185.808,965.20,-32.57143,48.74, -,9.101517
23.60,1188.648,965.10,-24.42857,48.74, -,9.101517
23.65,1180.129,965.40,-29.80952,48.74, -,9.101517
23.70,1171.614,965.70,-32.47619,48.74, -,9.101517
23.75,1163.1,966.00,-40.57143,48.74, -,9.101517
23.80,1160.264,966.10,-40.57143,48.74, -,9.101517
23.85,1160.264,966.10,-37.85714,48.74, -,9.101517
23.90,1157.425,966.20,-40.57143,48.74, -,9.101517
23.95,1157.425,966.20,-37.85714,48.74, -,9.101517
24.00,1157.425,966.20,-37.85714,48.74, -,9.101517
24.05,1160.264,966.10,-32.42857,48.74, -,9.101517
24.10,1154.589,966.30,-35.09524,48.74, -,9.101517
24.15,1148.916,966.50,-37.76191,48.74, -,9.101517
24.20,1143.243,966.70,-40.42857,48.74, -,9.101517
24.25,1143.243,966.70,-40.42857,48.74, -,9.101517
24.30,1140.408,966.80,-45.85714,48.74, -,9.101517
24.35,1140.408,966.80,-48.57143,48.74, -,9.101517
24.40,1137.571,966.90,-51.28571,48.74, -,9.101517
24.45,1137.571,966.90,-54,48.74, -,9.101517
24.50,1134.737,967.00,-56.71429,48.74, -,9.101517
24.55,1137.571,966.90,-48.57143,48.74, -,9.101517
24.60,1143.243,966.70,-40.47619,48.74, -,9.101517
24.65,1143.243,966.70,-43.19048,48.74, -,9.101517
24.70,1137.571,966.90,-40.47619,48.74, -,9.101517
24.75,1126.233,967.30,-43.19048,48.74, -,9.101517
24.80,1120.564,967.50,-40.47619,48.74, -,9.101517
24.85,1117.731,967.60,-40.47619,48.74, -,9.101517
24.90,1114.896,967.70,-43.19048,48.74, -,9.101517
24.95,1112.063,967.80,-43.19048,48.74, -,9.101517
25.00,1109.229,967.90,-45.90476,48.74, -,9.101517
25.05,1103.565,968.10,-51.28571,48.74, -,9.101517
25.10,1100.731,968.20,-56.71429,48.74, -,9.101517
25.15,1100.731,968.20,-51.33333,48.74, -,9.101517
25.20,1095.067,968.40,-51.33333,48.74, -,9.101517
25.25,1089.405,968.60,-51.33333,48.74, -,9.101517
25.30,1089.405,968.60,-51.33333,48.74, -,9.101517
25.35,1089.405,968.60,-48.61905,48.74, -,9.101517
25.40,1089.405,968.60,-48.61905,48.74, -,9.101517
25.45,1086.573,968.70,-48.61905,48.74, -,9.101517
25.50,1086.573,968.70,-48.61905,48.74, -,9.120965
25.55,1086.573,968.70,-45.90476,48.74, -,9.120965
25.60,1083.742,968.80,-51.33333,48.74, -,9.120965
25.65,1083.742,968.80,-56.71429,48.74, -,9.120965
25.70,1086.573,968.70,-54,48.74, -,9.120965
25.75,1086.573,968.70,-48.61905,48.74, -,9.120965
25.80,1083.742,968.80,-40.52381,48.74, -,9.120965
25.85,1078.081,969.00,-40.52381,48.74, -,9.120965
25.90,1072.42,969.20,-43.19048,48.74, -,9.120965
25.95,1069.591,969.30,-43.19048,48.74, -,9.120965
26.00,1072.42,969.20,-37.76191,48.74, -,9.120965
26.05,1072.42,969.20,-35.04762,48.74, -,9.120965
26.10,1075.251,969.10,-26.95238,48.74, -,9.120965
26.15,1072.42,969.20,-26.95238,48.74, -,9.120965
26.20,1063.932,969.50,-35.04762,48.74, -,9.120965
26.25,1052.616,969.90,-40.42857,48.74, -,9.120965
26.30,1046.961,970.10,-40.42857,48.74, -,9.120965
26.35,1046.961,970.10,-40.42857,48.74, -,9.120965
26.40,1044.132,970.20,-43.14286,48.74, -,9.120965
26.45,1041.305,970.30,-45.85714,48.74, -,9.120965
26.50,1041.305,970.30,-43.14286,48.74, -,9.120965
26.55,1038.477,970.40,-45.85714,48.56, -,9.120965
26.60,1041.305,970.30,-43.14286,48.56, -,9.120965
26.65,1044.132,970.20,-37.71429,48.56, -,9.120965
26.70,1044.132,970.20,-37.71429,48.56, -,9.120965
26.75,1046.961,970.10,-37.71429,48.56, -,9.120965
26.80,1044.132,970.20,-40.42857,48.56, -,9.120965
26.85,1035.651,970.50,-45.80952,48.56, -,9.120965
26.90,1032.825,970.60,-43.14286,48.56, -,9.120965
26.95,1032.825,970.60,-37.76191,48.56, -,9.120965
27.00,1032.825,970.60,-35.04762,48.56, -,9.120965
27.05,1032.825,970.60,-37.76191,48.56, -,9.120965
27.10,1021.519,971.00,-48.52381,48.56, -,9.120965
27.15,1013.044,971.30,-59.33333,48.56, -,9.120965
27.20,1007.394,971.50,-62,48.56, -,9.120965
27.25,1007.394,971.50,-53.90476,48.56, -,9.120965
27.30,1007.394,971.50,-43.14286,48.56, -,9.120965
27.35,1004.57,971.60,-40.42857,48.56, -,9.120965
27.40,1007.394,971.50,-37.76191,48.56, -,9.120965
27.45,1007.394,971.50,-35.04762,48.56, -,9.120965
27.50,1007.394,971.50,-32.33333,48.56, -,9.120965
27.55,1010.218,971.40,-29.66667,48.56, -,9.120965
27.60,1010.218,971.40,-26.95238,48.56, -,9.120965
27.65,1004.57,971.60,-35.04762,48.56, -,9.120965
27.70,1001.745,971.70,-40.47619,48.56, -,9.120965
27.75,1001.745,971.70,-40.47619,48.56, -,9.120965
27.80,998.9215,971.80,-45.85714,48.56, -,9.120965
27.85,998.9215,971.80,-43.14286,48.56, -,9.120965
27.90,993.274,972.00,-40.42857,48.56, -,9.120965
27.95,993.274,972.00,-37.71429,48.56, -,9.120965
28.00,993.274,972.00,-37.71429,48.56, -,9.120965
28.05,993.274,972.00,-37.71429,48.56, -,9.120965
28.10,996.0968,971.90,-35.04762,48.56, -,9.120965
28.15,990.4515,972.10,-29.66667,48.56, -,9.120965
28.20,987.6274,972.20,-24.23809,48.56, -,9.120965
28.25,984.8054,972.30,-21.52381,48.56, -,9.120965
28.30,987.6274,972.20,-18.85714,48.56, -,9.120965
28.35,987.6274,972.20,-18.85714,48.56, -,9.120965
28.40,981.9818,972.40,-21.57143,48.56, -,9.120965
28.45,970.695,972.80,-35,48.56, -,9.120965
28.50,962.232,973.10,-43.04762,48.56, -,9.120965
28.55,953.7693,973.40,-51.09524,48.56, -,9.101517
28.60,950.9501,973.50,-56.42857,48.56, -,9.101517
28.65,948.1311,973.60,-59.09524,48.56, -,9.101517
28.70,945.3106,973.70,-56.38095,48.56, -,9.101517
28.75,942.492,973.80,-56.33333,48.56, -,9.101517
28.80,942.492,973.80,-56.33333,48.56, -,9.101517
28.85,942.492,973.80,-53.66667,48.56, -,9.101517
28.90,942.492,973.80,-53.66667,48.56, -,9.101517
28.95,945.3106,973.70,-45.61905,48.56, -,9.101517
29.00,948.1311,973.60,-42.95238,48.56, -,9.101517
29.05,953.7693,973.40,-37.57143,48.56, -,9.101517
29.10,950.9501,973.50,-40.23809,48.56, -,9.101517
29.15,950.9501,973.50,-42.90476,48.56, -,9.101517
29.20,948.1311,973.60,-40.19048,48.56, -,9.101517
29.25,939.672,973.90,-45.57143,48.56, -,9.101517
29.30,934.036,974.10,-48.28571,48.56, -,9.101517
29.35,925.5804,974.40,-59,48.56, -,9.101517
29.40,922.7635,974.50,-61.66667,48.56, -,9.101517
29.45,919.9468,974.60,-58.95238,48.56, -,9.101517
29.50,919.9468,974.60,-48.19048,48.56, -,9.101517
29.55,917.1287,974.70,-42.80952,48.56, -,9.101517
29.60,917.1287,974.70,-34.76191,48.56, -,9.101517
29.65,917.1287,974.70,-32.09524,48.56, -,9.101517
29.70,917.1287,974.70,-29.42857,48.56, -,9.101517
29.75,917.1287,974.70,-26.76191,48.56, -,9.101517
29.80,911.4948,974.90,-29.47619,48.56, -,9.101517
29.85,905.8635,975.10,-34.85714,48.56, -,9.101517
29.90,905.8635,975.10,-34.85714,48.56, -,9.101517
29.95,903.0465,975.20,-37.52381,48.56, -,9.101517
30.00,903.0465,975.20,-40.19048,48.56, -,9.101517
30.05,900.2314,975.30,-45.52381,48.56, -,9.101517
30.10,900.2314,975.30,-50.90476,48.56, -,9.101517
30.15,894.6003,975.50,-53.61905,48.56, -,9.101517
30.20,886.1563,975.80,-61.66667,48.56, -,9.101517
30.25,877.7143,976.10,-67.04762,48.56, -,9.101517
30.30,874.8997,976.20,-61.66667,48.56, -,9.101517
30.35,872.087,976.30,-58.95238,48.56, -,9.101517
30.40,869.2728,976.40,-53.57143,48.56, -,9.101517
30.45,866.4605,976.50,-53.57143,48.56, -,9.101517
30.50,863.6485,976.60,-53.57143,48.56, -,9.101517
30.55,860.835,976.70,-56.23809,48.56, -,9.101517
30.60,863.6485,976.60,-50.90476,48.56, -,9.101517
30.65,863.6485,976.60,-50.90476,48.56, -,9.101517
30.70,863.6485,976.60,-50.90476,48.56, -,9.101517
30.75,860.835,976.70,-53.57143,48.56, -,9.101517
30.80,860.835,976.70,-53.57143,48.56, -,9.101517
30.85,860.835,976.70,-48.19048,48.56, -,9.101517
30.90,858.0234,976.80,-45.47619,48.56, -,9.101517
30.95,855.2104,976.90,-48.14286,48.56, -,9.101517
31.00,855.2104,976.90,-45.47619,48.56, -,9.101517
31.05,858.0234,976.80,-42.80952,48.56, -,9.101517
31.10,860.835,976.70,-37.47619,48.56, -,9.101517
31.15,866.4605,976.50,-32.09524,48.56, -,9.101517
31.20,863.6485,976.60,-29.38095,48.56, -,9.101517
31.25,860.835,976.70,-24,48.56, -,9.101517
31.30,855.2104,976.90,-21.28572,48.56, -,9.101517
31.35,846.7762,977.20,-26.66667,48.56, -,9.101517
31.40,841.1539,977.40,-29.33333,48.56, -,9.101517
31.45,838.344,977.50,-29.33333,48.56, -,9.101517
31.50,835.5343,977.60,-29.33333,48.56, -,9.101517
31.55,832.7231,977.70,-29.33333,48.56, -,9.101517
31.60,832.7231,977.70,-26.66667,48.56, -,9.101517
31.65,829.9139,977.80,-32,48.56, -,9.101517
31.70,827.1033,977.90,-34.66667,48.56, -,9.101517
31.75,821.486,978.10,-40,48.56, -,9.101517
31.80,815.8679,978.30,-42.66667,48.56, -,9.101517
31.85,815.8679,978.30,-42.66667,48.56, -,9.101517
31.90,813.0583,978.40,-45.33333,48.56, -,9.101517
31.95,810.2508,978.50,-45.33333,48.56, -,9.101517
32.00,807.4434,978.60,-45.33333,48.56, -,9.101517
32.05,804.6346,978.70,-48,48.56, -,9.101517
32.10,801.8277,978.80,-53.33333,48.56, -,9.101517
32.15,799.0193,978.90,-58.66667,48.56, -,9.101517
32.20,796.2129,979.00,-66.71429,48.56, -,9.101517
32.25,796.2129,979.00,-64.04762,48.56, -,9.101517
32.30,793.4067,979.10,-64.04762,48.56, -,9.101517
32.35,790.599,979.20,-61.38095,48.56, -,9.101517
32.40,787.7933,979.30,-56,48.56, -,9.101517
32.45,787.7933,979.30,-50.66667,48.56, -,9.101517
32.50,784.9861,979.40,-50.66667,48.56, -,9.101517
32.55,782.1808,979.50,-50.66667,48.56, -,9.120965
32.60,776.5693,979.70,-53.33333,48.56, -,9.120965
32.65,773.7647,979.80,-56,48.56, -,9.120965
32.70,770.9586,979.90,-56,48.56, -,9.120965
32.75,768.1545,980.00,-56,48.56, -,9.120965
32.80,768.1545,980.00,-50.66667,48.56, -,9.120965
32.85,768.1545,980.00,-45.33333,48.56, -,9.120965
32.90,762.5453,980.20,-50.66667,48.56, -,9.120965
32.95,762.5453,980.20,-48,48.56, -,9.120965
33.00,759.7419,980.30,-48,48.56, -,9.120965
33.05,754.134,980.50,-50.66667,48.56, -,9.120965
33.10,751.3313,980.60,-50.66667,48.56, -,9.120965
33.15,754.134,980.50,-45.33333,48.56, -,9.120965
33.20,756.937,980.40,-40,48.56, -,9.120965
33.25,759.7419,980.30,-34.66667,48.56, -,9.120965
33.30,756.937,980.40,-37.33333,48.56, -,9.120965
33.35,754.134,980.50,-37.33333,48.56, -,9.120965
33.40,742.9211,980.90,-45.33333,48.56, -,9.120965
33.45,737.3177,981.10,-48,48.56, -,9.120965
33.50,728.911,981.40,-56,48.56, -,9.120965
33.55,720.5081,981.70,-61.33333,48.56, -,9.120965
33.60,717.7081,981.80,-61.33333,48.56, -,9.120965
33.65,714.9067,981.90,-58.66667,48.56, -,9.120965
33.70,712.1072,982.00,-58.66667,48.56, -,9.120965
33.75,712.1072,982.00,-56,48.56, -,9.120965
33.80,712.1072,982.00,-53.33333,48.56, -,9.120965
33.85,714.9067,981.90,-50.66667,48.56, -,9.120965
33.90,712.1072,982.00,-53.33333,48.56, -,9.120965
33.95,712.1072,982.00,-48,48.56, -,9.120965
34.00,714.9067,981.90,-45.33333,48.56, -,9.120965
34.05,717.7081,981.80,-40,48.56, -,9.120965
34.10,717.7081,981.80,-34.66667,48.56, -,9.120965
34.15,712.1072,982.00,-37.33333,48.56, -,9.120965
34.20,703.7084,982.30,-48,48.56, -,9.120965
34.25,698.1099,982.50,-56,48.56, -,9.120965
34.30,695.3118,982.60,-61.33333,48.56, -,9.120965
34.35,689.7145,982.80,-64,48.56, -,9.120965
34.40,686.9154,982.90,-64,48.56, -,9.120965
34.45,684.1182,983.00,-56,48.56, -,9.120965
34.50,684.1182,983.00,-50.66667,48.56, -,9.120965
34.55,686.9154,982.90,-40,48.56, -,9.120965
34.60,684.1182,983.00,-34.66667,48.56, -,9.120965
34.65,684.1182,983.00,-32,48.56, -,9.120965
34.70,684.1182,983.00,-29.33333,48.56, -,9.120965
34.75,686.9154,982.90,-24,48.56, -,9.120965
34.80,681.3213,983.10,-29.33333,48.56, -,9.120965
34.85,684.1182,983.00,-26.66667,48.56, -,9.120965
34.90,681.3213,983.10,-32,48.56, -,9.120965
34.95,681.3213,983.10,-29.33333,48.56, -,9.120965
35.00,678.5229,983.20,-32,48.56, -,9.120965
35.05,675.7264,983.30,-37.33333,48.56, -,9.120965
35.10,672.9284,983.40,-42.66667,48.56, -,9.120965
35.15,667.3366,983.60,-48,48.56, -,9.120965
35.20,661.744,983.80,-48,48.56, -,9.120965
35.25,658.9472,983.90,-42.66667,48.56, -,9.120965
35.30,656.1523,984.00,-40,48.56, -,9.120965
35.35,653.3577,984.10,-40,48.56, -,9.120965
35.40,647.7673,984.30,-40,48.56, -,9.120965
35.45,644.9717,984.40,-40,48.56, -,9.120965
35.50,644.9717,984.40,-37.33333,48.56, -,9.120965
35.55,644.9717,984.40,-37.33333,48.56, -,9.120965
35.60,644.9717,984.40,-40,48.56, -,9.120965
35.65,644.9717,984.40,-37.33333,48.56, -,9.120965
35.70,639.3845,984.60,-42.66667,48.56, -,9.120965
35.75,628.2094,985.00,-53.33333,48.56, -,9.120965
35.80,625.4171,985.10,-58.66667,48.56, -,9.120965
35.85,622.6232,985.20,-56,48.56, -,9.120965
35.90,619.8313,985.30,-61.33333,48.56, -,9.120965
35.95,619.8313,985.30,-58.66667,48.56, -,9.120965
36.00,619.8313,985.30,-58.66667,48.56, -,9.120965
36.05,619.8313,985.30,-56,48.56, -,9.120965
36.10,622.6232,985.20,-50.66667,48.56, -,9.120965
36.15,622.6232,985.20,-48,48.56, -,9.120965
36.20,619.8313,985.30,-45.33333,48.56, -,9.120965
36.25,617.038,985.40,-42.66667,48.56, -,9.120965
36.30,617.038,985.40,-40,48.56, -,9.120965
36.35,614.2465,985.50,-40,48.56, -,9.120965
36.40,603.0797,985.90,-47.95238,48.56, -,9.120965
36.45,594.7078,986.20,-50.57143,48.56, -,9.120965
36.50,591.9182,986.30,-50.57143,48.56, -,9.120965
36.55,589.1271,986.40,-53.23809,48.56, -,9.120965
36.60,586.338,986.50,-55.90476,48.56, -,9.120965
36.65,589.1271,986.40,-53.23809,48.56, -,9.120965
36.70,586.338,986.50,-55.90476,48.56, -,9.120965
36.75,586.338,986.50,-50.57143,48.56, -,9.120965
36.80,583.5491,986.60,-42.57143,48.56, -,9.120965
36.85,580.7587,986.70,-42.57143,48.56, -,9.120965
36.90,583.5491,986.60,-37.23809,48.56, -,9.120965
36.95,586.338,986.50,-31.90476,48.56, -,9.120965
37.00,589.1271,986.40,-29.23809,48.56, -,9.120965
37.05,583.5491,986.60,-34.57143,48.56, -,9.120965
37.10,577.9703,986.80,-39.90476,48.56, -,9.120965
37.15,575.1804,986.90,-45.23809,48.56, -,9.120965
37.20,572.3923,987.00,-47.90476,48.56, -,9.120965
37.25,569.6046,987.10,-47.90476,48.56, -,9.120965
37.30,569.6046,987.10,-45.23809,48.56, -,9.120965
37.35,564.028,987.30,-50.57143,48.56, -,9.120965
37.40,561.2393,987.40,-50.57143,48.56, -,9.120965
37.45,555.6658,987.60,-45.23809,48.56, -,9.120965
37.50,552.8777,987.70,-39.95238,48.56, -,3.053287
37.55,550.0915,987.80,-39.95238,48.56, -,3.053287
37.60,544.5182,988.00,-42.57143,48.56, -,3.053287
37.65,538.9457,988.20,-45.19048,48.56, -,3.053287
37.70,536.1607,988.30,-50.52381,48.56, -,3.053287
37.75,536.1607,988.30,-47.85714,48.56, -,3.053287
37.80,533.3742,988.40,-50.52381,48.56, -,3.053287
37.85,533.3742,988.40,-47.85714,48.56, -,3.053287
37.90,536.1607,988.30,-42.52381,48.56, -,3.053287
37.95,538.9457,988.20,-42.52381,48.56, -,3.053287
38.00,536.1607,988.30,-47.85714,48.56, -,3.053287
38.05,538.9457,988.20,-47.85714,48.56, -,3.053287
38.10,538.9457,988.20,-42.52381,48.56, -,3.053287
38.15,533.3742,988.40,-42.47619,48.56, -,3.053287
38.20,525.0195,988.70,-47.76191,48.56, -,3.053287
38.25,519.4503,988.90,-50.38095,48.56, -,3.053287
38.30,516.6668,989.00,-50.38095,48.56, -,3.053287
38.35,511.0989,989.20,-55.66667,48.56, -,3.053287
38.40,508.3162,989.30,-53,48.56, -,3.053287
38.45,505.532,989.40,-53,48.56, -,3.053287
38.50,499.9677,989.60,-53,48.56, -,3.053287
38.55,494.4025,989.80,-55.61905,48.56, -,8.576429
38.60,491.6194,989.90,-55.61905,48.56, -,8.576429
38.65,491.6194,989.90,-50.33333,48.56, -,8.576429
38.70,491.6194,989.90,-45.04762,48.56, -,8.576429
38.75,491.6194,989.90,-42.38095,48.56, -,8.576429
38.80,491.6194,989.90,-42.38095,48.56, -,8.576429
38.85,488.8383,990.00,-42.38095,48.56, -,8.576429
38.90,486.0573,990.10,-45.04762,48.56, -,8.576429
38.95,486.0573,990.10,-47.71429,48.56, -,8.576429
39.00,483.275,990.20,-53.04762,48.56, -,8.576429
39.05,480.4945,990.30,-53.04762,48.56, -,8.576429
39.10,474.9325,990.50,-61,48.56, -,8.576429
39.15,469.3715,990.70,-66.28571,48.56, -,8.576429
39.20,466.5922,990.80,-63.66667,48.56, Main,8.576429
39.25,461.0325,991.00,-61,48.56, -,8.576429
39.30,455.4737,991.20,-61,48.56, -,8.576429
39.35,452.6955,991.30,-61,48.56, -,8.576429
39.40,449.9158,991.40,-58.38095,48.56, -,8.576429
39.45,449.9158,991.40,-55.71429,48.56, -,8.576429
39.50,449.9158,991.40,-53.04762,48.56, -,8.732011
39.55,449.9158,991.40,-47.76191,48.56, -,8.732011
39.60,449.9158,991.40,-42.47619,48.56, -,8.732011
39.65,449.9158,991.40,-39.80952,48.56, -,8.732011
39.70,444.3606,991.60,-45.09524,48.56, -,8.732011
39.75,441.5816,991.70,-47.76191,48.56, -,8.732011
39.80,438.8045,991.80,-50.42857,48.56, -,8.732011
39.85,433.2494,992.00,-55.71429,48.56, -,8.732011
39.90,427.6951,992.20,-58.33333,48.56, -,8.732011
39.95,424.9192,992.30,-58.33333,48.56, -,8.732011
40.00,422.1418,992.40,-61,48.56, -,8.732011
40.05,422.1418,992.40,-58.33333,48.56, -,8.732011
40.10,422.1418,992.40,-55.66667,48.56, -,8.732011
40.15,422.1418,992.40,-50.38095,48.56, -,8.732011
40.20,422.1418,992.40,-45.09524,48.56, -,8.732011
40.25,416.5911,992.60,-47.71429,48.56, -,8.732011
40.30,413.8144,992.70,-45.09524,48.56, -,8.732011
40.35,411.0396,992.80,-42.42857,48.56, -,8.732011
40.40,408.2633,992.90,-42.42857,48.56, -,8.732011
40.45,408.2633,992.90,-39.76191,48.56, -,8.732011
40.50,402.7148,993.10,-45.04762,48.56, -,8.732011
40.55,402.7148,993.10,-45.04762,48.56, -,8.790354
40.60,397.1656,993.30,-50.33333,48.56, -,8.790354
40.65,394.3904,993.40,-53,48.56, -,8.790354
40.70,391.6172,993.50,-55.61905,48.56, -,8.790354
40.75,391.6172,993.50,-50.33333,48.56, -,8.790354
40.80,391.6172,993.50,-47.66667,48.56, -,8.790354
40.85,388.8442,993.60,-47.61905,48.56, -,8.790354
40.90,386.0698,993.70,-44.95238,48.56, -,8.790354
40.95,383.2972,993.80,-42.28571,48.56, -,8.790354
41.00,383.2972,993.80,-39.61905,48.56, -,8.790354
41.05,377.7512,994.00,-42.23809,48.56, -,8.790354
41.10,374.9793,994.10,-44.85714,48.56, -,8.790354
41.15,369.4346,994.30,-50.14286,48.56, -,8.790354
41.20,366.6617,994.40,-52.76191,48.56, -,8.790354
41.25,366.6617,994.40,-52.76191,48.56, -,8.790354
41.30,363.8907,994.50,-50.09524,48.56, -,8.790354
41.35,366.6617,994.40,-44.80952,48.56, -,8.790354
41.40,363.8907,994.50,-44.80952,48.56, -,8.790354
41.45,361.12,994.60,-44.76191,48.56, -,8.790354
41.50,355.5775,994.80,-50.04762,48.56, -,8.868145
41.55,355.5775,994.80,-44.76191,48.56, -,8.868145
41.60,350.0359,995.00,-50.04762,48.56, -,8.868145
41.65,344.4953,995.20,-50.04762,48.56, -,8.868145
41.70,338.9555,995.40,-52.66667,48.56, -,8.868145
41.75,336.1868,995.50,-52.66667,48.56, -,8.868145
41.80,336.1868,995.50,-52.66667,48.56, -,8.868145
41.85,333.4183,995.60,-55.28571,48.56, -,8.868145
41.90,330.6484,995.70,-55.28571,48.56, -,8.868145
41.95,327.8804,995.80,-55.28571,48.56, -,8.868145
42.00,325.1109,995.90,-55.28571,48.56, -,8.868145
42.05,325.1109,995.90,-55.28571,48.56, -,8.868145
42.10,319.5759,996.10,-55.28571,48.56, -,8.868145
42.15,316.8071,996.20,-55.28571,48.56, -,8.868145
42.20,314.0402,996.30,-52.61905,48.56, -,8.868145
42.25,311.2719,996.40,-52.61905,48.56, -,8.868145
42.30,311.2719,996.40,-52.61905,48.56, -,8.868145
42.35,302.9715,996.70,-57.90476,48.56, -,8.868145
42.40,300.2057,996.80,-63.14286,48.56, -,8.868145
42.45,297.4385,996.90,-63.14286,48.56, -,8.868145
42.50,294.6731,997.00,-63.14286,48.56, -,8.868145
42.55,291.908,997.10,-60.47619,48.56, -,8.887592
42.60,291.908,997.10,-60.47619,48.56, -,8.887592
42.65,297.4385,996.90,-49.90476,48.56, -,8.887592
42.70,297.4385,996.90,-44.61905,48.56, -,8.887592
42.75,300.2057,996.80,-36.71429,48.56, -,8.887592
42.80,294.6731,997.00,-39.38095,48.56, -,8.887592
42.85,291.908,997.10,-42,48.56, -,8.887592
42.90,289.1414,997.20,-42,48.56, -,8.887592
42.95,286.3768,997.30,-42,48.56, -,8.887592
43.00,283.6107,997.40,-42,48.56, -,8.887592
43.05,280.8465,997.50,-42,48.56, -,8.887592
43.10,283.6107,997.40,-39.38095,48.56, -,8.887592
43.15,283.6107,997.40,-34.09524,48.56, -,8.887592
43.20,283.6107,997.40,-31.47619,48.56, -,8.887592
43.25,272.5535,997.80,-39.38095,48.56, -,8.887592
43.30,267.0255,998.00,-42.04762,48.56, -,8.887592
43.35,264.2626,998.10,-44.66667,48.56, -,8.887592
43.40,261.4983,998.20,-39.38095,48.56, -,8.887592
43.45,258.7358,998.30,-39.38095,48.56, -,8.887592
43.50,258.7358,998.30,-36.76191,48.56, -,8.926488
43.55,253.21,998.50,-39.42857,48.56, -,8.926488
43.60,247.6851,998.70,-42.04762,48.56, -,8.926488
43.65,247.6851,998.70,-42.04762,48.56, -,8.926488
43.70,244.9238,998.80,-49.95238,48.56, -,8.926488
43.75,247.6851,998.70,-47.33333,48.56, -,8.926488
43.80,247.6851,998.70,-49.95238,48.56, -,8.926488
43.85,250.4483,998.60,-42.04762,48.56, -,8.926488
43.90,244.9238,998.80,-44.66667,48.56, -,8.926488
43.95,236.6395,999.10,-49.95238,48.56, -,8.926488
44.00,225.5959,999.50,-57.85714,48.56, -,8.926488
44.05,220.0755,999.70,-60.47619,48.56, -,8.926488
44.10,220.0755,999.70,-57.85714,48.56, -,8.926488
44.15,217.3164,999.80,-63.09524,48.56, -,8.926488
44.20,217.3164,999.80,-63.09524,48.56, -,8.926488
44.25,220.0755,999.70,-60.47619,48.56, -,8.926488
44.30,220.0755,999.70,-49.95238,48.56, -,8.926488
44.35,217.3164,999.80,-47.28571,48.56, -,8.926488
44.40,217.3164,999.80,-44.66667,48.56, -,8.926488
44.45,214.5559,999.90,-44.66667,48.56, -,8.926488
44.50,217.3164,999.80,-39.42857,48.56, -,8.926488
44.55,217.3164,999.80,-39.42857,48.56, -,8.926488
44.60,220.0755,999.70,-31.52381,48.56, -,8.926488
44.65,217.3164,999.80,-28.90476,48.56, -,8.926488
44.70,209.0389,1000.10,-36.80952,48.56, -,8.926488
44.75,203.5211,1000.30,-39.42857,48.56, -,8.926488
44.80,195.2469,1000.60,-49.90476,48.56, -,8.926488
44.85,189.7314,1000.80,-55.14286,48.56, -,8.926488
44.90,186.9731,1000.90,-60.38095,48.56, -,8.926488
44.95,184.2167,1001.00,-57.76191,48.56, -,8.926488
45.00,181.4606,1001.10,-52.47619,48.56, -,8.926488
45.05,181.4606,1001.10,-41.95238,48.56, -,8.926488
45.10,181.4606,1001.10,-36.71429,48.56, -,8.926488
45.15,178.703,1001.20,-39.33333,48.56, -,8.926488
45.20,175.9473,1001.30,-39.33333,48.56, -,8.926488
45.25,175.9473,1001.30,-39.33333,48.56, -,8.926488
45.30,170.4348,1001.50,-47.19048,48.56, -,8.926488
45.35,170.4348,1001.50,-47.19048,48.56, -,8.926488
45.40,167.6798,1001.60,-47.19048,48.56, -,8.926488
45.45,162.1687,1001.80,-52.42857,48.56, -,8.926488
45.50,159.4126,1001.90,-52.42857,48.56, -,8.945935
45.55,156.6585,1002.00,-57.66667,48.56, -,8.945935
45.60,159.4126,1001.90,-55.04762,48.56, -,8.945935
45.65,156.6585,1002.00,-60.28571,48.56, -,8.945935
45.70,153.9045,1002.10,-60.28571,48.56, -,8.945935
45.75,148.3957,1002.30,-57.61905,48.56, -,8.945935
45.80,145.6407,1002.40,-55,48.56, -,8.945935
45.85,142.8877,1002.50,-49.76191,48.56, -,8.945935
45.90,142.8877,1002.50,-44.52381,48.56, -,8.945935
45.95,140.1349,1002.60,-44.52381,48.56, -,8.945935
46.00,137.3806,1002.70,-44.52381,48.56, -,8.945935
46.05,131.8744,1002.90,-47.14286,48.56, -,8.945935
46.10,129.1225,1003.00,-49.76191,48.56, -,8.945935
46.15,129.1225,1003.00,-49.76191,48.56, -,8.945935
46.20,126.3708,1003.10,-49.76191,48.56, -,8.945935
46.25,123.6176,1003.20,-49.76191,48.56, -,8.945935
46.30,118.1136,1003.40,-55,48.56, -,8.945935
46.35,115.3628,1003.50,-52.38095,48.56, -,8.945935
46.40,112.6122,1003.60,-55,48.56, -,8.945935
46.45,112.6122,1003.60,-52.38095,48.56, -,8.945935
46.50,109.8602,1003.70,-49.76191,48.56, -,8.945935
46.55,107.11,1003.80,-49.76191,48.56, -,8.945935
46.60,104.3584,1003.90,-49.76191,48.56, -,8.945935
46.65,101.6087,1004.00,-55,48.56, -,8.945935
46.70,98.85924,1004.10,-55,48.56, -,8.945935
46.75,98.85924,1004.10,-52.38095,48.56, -,8.945935
46.80,96.10829,1004.20,-49.76191,48.56, -,8.945935
46.85,93.35925,1004.30,-49.76191,48.56, -,8.945935
46.90,90.60876,1004.40,-49.76191,48.56, -,8.945935
46.95,87.86015,1004.50,-52.38095,48.56, -,8.945935
47.00,85.11178,1004.60,-52.38095,48.56, -,8.945935
47.05,85.11178,1004.60,-49.76191,48.56, -,8.945935
47.10,85.11178,1004.60,-44.52381,48.56, -,8.945935
47.15,82.36195,1004.70,-44.52381,48.56, -,8.945935
47.20,85.11178,1004.60,-41.90476,48.56, -,8.945935
47.25,82.36195,1004.70,-41.90476,48.56, -,8.945935
47.30,82.36195,1004.70,-39.28571,48.56, -,8.945935
47.35,82.36195,1004.70,-34.04762,48.56, -,8.945935
47.40,82.36195,1004.70,-31.42857,48.56, -,8.945935
47.45,79.61401,1004.80,-31.42857,48.56, -,8.945935
47.50,79.61401,1004.80,-31.42857,48.56, -,8.965384
47.55,79.61401,1004.80,-28.80952,48.56, -,8.965384
47.60,76.86462,1004.90,-28.80952,48.56, -,8.965384
47.65,71.36987,1005.10,-31.42857,48.56, -,8.965384
47.70,68.62114,1005.20,-31.42857,48.56, -,8.965384
47.75,65.87431,1005.30,-31.42857,48.56, -,8.965384
47.80,63.12603,1005.40,-34.04762,48.56, -,8.965384
47.85,57.63348,1005.60,-36.66667,48.56, -,8.965384
47.90,57.63348,1005.60,-34.04762,48.56, -,8.965384
47.95,54.88586,1005.70,-34.04762,48.56, -,8.965384
48.00,43.90263,1006.10,-41.90476,48.56, -,8.965384
48.05,30.1773,1006.60,-52.38095,48.56, -,8.965384
48.10,21.94341,1006.90,-60.23809,48.56, -,8.965384
48.15,16.45749,1007.10,-65.47619,48.56, -,8.965384
48.20,13.71319,1007.20,-65.47619,48.56, -,8.965384
48.25,13.71319,1007.20,-68.09524,48.56, -,8.965384
48.30,13.71319,1007.20,-65.47619,48.56, -,8.965384
48.35,13.71319,1007.20,-65.47619,48.56, -,8.965384
48.40,13.71319,1007.20,-65.47619,48.56, -,8.965384
48.45,13.71319,1007.20,-65.47619,48.56, -,8.965384
48.50,16.45749,1007.10,-60.23809,48.56, -,8.965384
48.55,19.20034,1007.00,-57.61905,48.56, -,8.984831
48.60,19.20034,1007.00,-57.61905,48.56, -,8.984831
48.65,21.94341,1006.90,-52.38095,48.56, -,8.984831
48.70,24.68838,1006.80,-44.52381,48.56, -,8.984831
48.75,24.68838,1006.80,-41.90476,48.56, -,8.984831
48.80,19.20034,1007.00,-44.52381,48.56, -,8.984831
48.85,13.71319,1007.20,-47.14286,48.56, -,8.984831
48.90,13.71319,1007.20,-41.90476,48.56, -,8.984831
48.95,10.97078,1007.30,-44.52381,48.56, -,8.984831
49.00,5.484945,1007.50,-47.14286,48.56, -,8.984831
49.05,2.743196,1007.60,-39.28571,48.56, -,8.984831
49.10,-2.741313,1007.80,-31.42857,48.56, -,8.984831
49.15,-2.741313,1007.80,-23.57143,48.56, -,8.984831
49.20,-5.484075,1007.90,-20.95238,48.56, -,8.984831
49.25,-27.40987,1008.70,-39.23809,48.56, -,8.984831
49.30,-32.88954,1008.90,-44.47619,48.56, -,8.984831
49.35,-32.88954,1008.90,-44.47619,48.56, -,8.984831
49.40,-32.88954,1008.90,-44.47619,48.56, -,8.984831
49.45,-32.88954,1008.90,-44.47619,48.56, -,8.984831
49.50,-32.88954,1008.90,-44.47619,48.56, -,8.984831
49.55,-32.88954,1008.90,-47.09524,48.56, -,8.984831
49.60,-32.88954,1008.90,-49.71429,48.56, -,8.984831
49.65,-32.88954,1008.90,-49.71429,48.56, -,8.984831
49.70,-32.88954,1008.90,-52.33333,48.56, -,8.984831
49.75,-32.88954,1008.90,-54.95238,48.56, -,8.984831
49.80,-32.88954,1008.90,-54.95238,48.56, -,8.984831
49.85,-32.88954,1008.90,-49.71429,48.56, -,8.984831
49.90,-32.88954,1008.90,-44.47619,48.56, -,8.984831
49.95,-32.88954,1008.90,-44.47619,48.56, -,8.984831
50.00,-32.88954,1008.90,-41.85714,48.56, -,8.984831
50.05,-32.88954,1008.90,-36.61905,48.56, -,8.984831
50.10,-32.88954,1008.90,-34,48.56, -,8.984831
50.15,-32.88954,1008.90,-28.76191,48.56, -,8.984831
50.20,-32.88954,1008.90,-28.76191,48.56, -,8.984831
50.25,-32.88954,1008.90,-26.14286,48.56, -,8.984831
50.30,-32.88954,1008.90,-5.238095,48.56, -,8.984831
50.35,-32.88954,1008.90,0,48.56, -,8.984831
50.40,-32.88954,1008.90,0,48.56, -,8.984831
50.45,-32.88954,1008.90,0,48.56, -,8.984831
50.50,-32.88954,1008.90,0,48.56, -,8.984831
50.55,-32.88954,1008.90,0,48.56, -,8.984831
50.60,-32.88954,1008.90,0,48.56, -,8.984831
50.65,-32.88954,1008.90,0,48.56, -,8.984831
50.70,-32.88954,1008.90,0,48.56, -,8.984831
50.75,-32.88954,1008.90,0,48.56, -,8.984831
50.80,-32.88954,1008.90,0,48.56, -,8.984831
50.85,-32.88954,1008.90,0,48.56, -,8.984831
50.90,-32.88954,1008.90,0,48.56, -,8.984831
50.95,-32.88954,1008.90,0,48.56, -,8.984831
51.00,-32.88954,1008.90,0,48.56, -,8.984831
51.05,-30.14898,1008.80,2.619048,48.56, -,8.984831
51.10,-32.88954,1008.90,0,48.56, -,8.984831
51.15,-32.88954,1008.90,0,48.56, -,8.984831
51.20,-32.88954,1008.90,0,48.56, -,8.984831
51.25,-32.88954,1008.90,0,48.56, -,8.984831
51.30,-32.88954,1008.90,0,48.56, -,8.984831
51.35,-32.88954,1008.90,0,48.56, -,8.984831
51.40,-32.88954,1008.90,0,48.56, -,8.984831
51.45,-32.88954,1008.90,0,48.56, -,8.984831
51.50,-32.88954,1008.90,0, -
51.55,-32.88954,1008.90,0, -
51.60,-32.88954,1008.90,0, -
51.65,-32.88954,1008.90,0, -
51.70,-32.88954,1008.90,0, -
51.75,-32.88954,1008.90,0, -
51.80,-32.88954,1008.90,0, -
51.85,-32.88954,1008.90,0, -
51.90,-32.88954,1008.90,0, -
51.95,-30.14898,1008.80,2.619048, -
52.00,-32.88954,1008.90,0, -
52.05,-32.88954,1008.90,0, -
52.10,-32.88954,1008.90,-2.619048, -
52.15,-32.88954,1008.90,0, -
52.20,-32.88954,1008.90,0, -
52.25,-32.88954,1008.90,0, -
52.30,-32.88954,1008.90,0, -
